,ds,y
3723,2011-03-13,777
3724,2011-03-14,918
3725,2011-03-15,930
3726,2011-03-16,1054
3727,2011-03-17,1077
3728,2011-03-18,1104
3729,2011-03-19,928
3730,2011-03-20,806
3731,2011-03-21,985
3732,2011-03-22,916
3733,2011-03-23,936
3734,2011-03-24,893
3735,2011-03-25,1022
3736,2011-03-26,862
3737,2011-03-27,845
3738,2011-03-28,899
3739,2011-03-29,917
3740,2011-03-30,939
3741,2011-03-31,959
3742,2011-04-01,1080
3743,2011-04-02,1106
3744,2011-04-03,947
3745,2011-04-04,1031
3746,2011-04-05,992
3747,2011-04-06,1029
3748,2011-04-07,970
3749,2011-04-08,1028
3750,2011-04-09,948
3751,2011-04-10,1113
3752,2011-04-11,1006
3753,2011-04-12,969
3754,2011-04-13,1034
3755,2011-04-14,1028
3756,2011-04-15,1023
3757,2011-04-16,924
3758,2011-04-17,913
3759,2011-04-18,905
3760,2011-04-19,777
3761,2011-04-20,880
3762,2011-04-21,892
3763,2011-04-22,894
3764,2011-04-23,986
3765,2011-04-24,848
3766,2011-04-25,931
3767,2011-04-26,947
3768,2011-04-27,988
3769,2011-04-28,963
3770,2011-04-29,979
3771,2011-04-30,977
3772,2011-05-01,1147
3773,2011-05-02,966
3774,2011-05-03,993
3775,2011-05-04,1025
3776,2011-05-05,1078
3777,2011-05-06,1063
3778,2011-05-07,973
3779,2011-05-08,942
3780,2011-05-09,1057
3781,2011-05-10,1076
3782,2011-05-11,1111
3783,2011-05-12,1045
3784,2011-05-13,1174
3785,2011-05-14,929
3786,2011-05-15,918
3787,2011-05-16,969
3788,2011-05-17,1040
3789,2011-05-18,955
3790,2011-05-19,1060
3791,2011-05-20,1115
3792,2011-05-21,966
3793,2011-05-22,1015
3794,2011-05-23,1053
3795,2011-05-24,1038
3796,2011-05-25,976
3797,2011-05-26,949
3798,2011-05-27,1032
3799,2011-05-28,948
3800,2011-05-29,883
3801,2011-05-30,1004
3802,2011-05-31,1091
3803,2011-06-01,1219
3804,2011-06-02,1178
3805,2011-06-03,1113
3806,2011-06-04,1101
3807,2011-06-05,1032
3808,2011-06-06,1071
3809,2011-06-07,1096
3810,2011-06-08,1081
3811,2011-06-09,962
3812,2011-06-10,1148
3813,2011-06-11,1020
3814,2011-06-12,1006
3815,2011-06-13,1054
3816,2011-06-14,1101
3817,2011-06-15,1107
3818,2011-06-16,1029
3819,2011-06-17,1175
3820,2011-06-18,1058
3821,2011-06-19,1049
3822,2011-06-20,1107
3823,2011-06-21,1067
3824,2011-06-22,1039
3825,2011-06-23,1046
3826,2011-06-24,1029
3827,2011-06-25,1113
3828,2011-06-26,1097
3829,2011-06-27,1000
3830,2011-06-28,1079
3831,2011-06-29,1107
3832,2011-06-30,1033
3833,2011-07-01,1133
3834,2011-07-02,1132
3835,2011-07-03,983
3836,2011-07-04,1030
3837,2011-07-05,1146
3838,2011-07-06,1087
3839,2011-07-07,1073
3840,2011-07-08,1028
3841,2011-07-09,1073
3842,2011-07-10,1080
3843,2011-07-11,1090
3844,2011-07-12,1089
3845,2011-07-13,1118
3846,2011-07-14,1069
3847,2011-07-15,1189
3848,2011-07-16,1103
3849,2011-07-17,1042
3850,2011-07-18,1051
3851,2011-07-19,1069
3852,2011-07-20,1019
3853,2011-07-21,1011
3854,2011-07-22,1128
3855,2011-07-23,1038
3856,2011-07-24,1001
3857,2011-07-25,1062
3858,2011-07-26,1039
3859,2011-07-27,1094
3860,2011-07-28,1090
3861,2011-07-29,1066
3862,2011-07-30,1075
3863,2011-07-31,1049
3864,2011-08-01,1237
3865,2011-08-02,1022
3866,2011-08-03,1126
3867,2011-08-04,1146
3868,2011-08-05,1146
3869,2011-08-06,1107
3870,2011-08-07,929
3871,2011-08-08,924
3872,2011-08-09,997
3873,2011-08-10,1016
3874,2011-08-11,1053
3875,2011-08-12,1130
3876,2011-08-13,1038
3877,2011-08-14,972
3878,2011-08-15,1035
3879,2011-08-16,953
3880,2011-08-17,1032
3881,2011-08-18,1072
3882,2011-08-19,1169
3883,2011-08-20,1083
3884,2011-08-21,1007
3885,2011-08-22,1021
3886,2011-08-23,990
3887,2011-08-24,1032
3888,2011-08-25,1091
3889,2011-08-26,1050
3890,2011-08-27,1050
3891,2011-08-28,1009
3892,2011-08-29,1034
3893,2011-08-30,1045
3894,2011-08-31,1078
3895,2011-09-01,1183
3896,2011-09-02,1090
3897,2011-09-03,997
3898,2011-09-04,971
3899,2011-09-05,935
3900,2011-09-06,942
3901,2011-09-07,992
3902,2011-09-08,934
3903,2011-09-09,1076
3904,2011-09-10,1092
3905,2011-09-11,965
3906,2011-09-12,1055
3907,2011-09-13,1029
3908,2011-09-14,983
3909,2011-09-15,963
3910,2011-09-16,1064
3911,2011-09-17,979
3912,2011-09-18,918
3913,2011-09-19,989
3914,2011-09-20,968
3915,2011-09-21,978
3916,2011-09-22,1130
3917,2011-09-23,1014
3918,2011-09-24,949
3919,2011-09-25,910
3920,2011-09-26,942
3921,2011-09-27,948
3922,2011-09-28,937
3923,2011-09-29,986
3924,2011-09-30,1022
3925,2011-10-01,1073
3926,2011-10-02,927
3927,2011-10-03,940
3928,2011-10-04,970
3929,2011-10-05,966
3930,2011-10-06,971
3931,2011-10-07,1055
3932,2011-10-08,1015
3933,2011-10-09,1003
3934,2011-10-10,896
3935,2011-10-11,1025
3936,2011-10-12,1066
3937,2011-10-13,828
3938,2011-10-14,1021
3939,2011-10-15,962
3940,2011-10-16,893
3941,2011-10-17,918
3942,2011-10-18,919
3943,2011-10-19,878
3944,2011-10-20,888
3945,2011-10-21,1010
3946,2011-10-22,1010
3947,2011-10-23,1042
3948,2011-10-24,1023
3949,2011-10-25,1060
3950,2011-10-26,977
3951,2011-10-27,956
3952,2011-10-28,1046
3953,2011-10-29,948
3954,2011-10-30,954
3955,2011-10-31,1036
3956,2011-11-01,1203
3957,2011-11-02,974
3958,2011-11-03,861
3959,2011-11-04,1005
3960,2011-11-05,905
3961,2011-11-06,941
3962,2011-11-07,869
3963,2011-11-08,871
3964,2011-11-09,892
3965,2011-11-10,865
3966,2011-11-11,959
3967,2011-11-12,998
3968,2011-11-13,934
3969,2011-11-14,963
3970,2011-11-15,1059
3971,2011-11-16,884
3972,2011-11-17,910
3973,2011-11-18,930
3974,2011-11-19,911
3975,2011-11-20,918
3976,2011-11-21,932
3977,2011-11-22,853
3978,2011-11-23,975
3979,2011-11-24,711
3980,2011-11-25,934
3981,2011-11-26,878
3982,2011-11-27,826
3983,2011-11-28,898
3984,2011-11-29,892
3985,2011-11-30,894
3986,2011-12-01,1053
3987,2011-12-02,1000
3988,2011-12-03,876
3989,2011-12-04,884
3990,2011-12-05,935
3991,2011-12-06,875
3992,2011-12-07,834
3993,2011-12-08,830
3994,2011-12-09,861
3995,2011-12-10,882
3996,2011-12-11,836
3997,2011-12-12,922
3998,2011-12-13,976
3999,2011-12-14,910
4000,2011-12-15,935
4001,2011-12-16,950
4002,2011-12-17,816
4003,2011-12-18,832
4004,2011-12-19,940
4005,2011-12-20,980
4006,2011-12-21,937
4007,2011-12-22,880
4008,2011-12-23,923
4009,2011-12-24,734
4010,2011-12-25,518
4011,2011-12-26,713
4012,2011-12-27,786
4013,2011-12-28,852
4014,2011-12-29,864
4015,2011-12-30,898
4016,2011-12-31,791
4017,2012-01-01,1531
4018,2012-01-02,702
4019,2012-01-03,808
4020,2012-01-04,799
4021,2012-01-05,871
4022,2012-01-06,913
4023,2012-01-07,862
4024,2012-01-08,800
4025,2012-01-09,883
4026,2012-01-10,899
4027,2012-01-11,886
4028,2012-01-12,745
4029,2012-01-13,752
4030,2012-01-14,781
4031,2012-01-15,772
4032,2012-01-16,826
4033,2012-01-17,844
4034,2012-01-18,791
4035,2012-01-19,748
4036,2012-01-20,685
4037,2012-01-21,717
4038,2012-01-22,682
4039,2012-01-23,834
4040,2012-01-24,898
4041,2012-01-25,962
4042,2012-01-26,924
4043,2012-01-27,933
4044,2012-01-28,808
4045,2012-01-29,813
4046,2012-01-30,868
4047,2012-01-31,964
4048,2012-02-01,1041
4049,2012-02-02,880
4050,2012-02-03,897
4051,2012-02-04,848
4052,2012-02-05,744
4053,2012-02-06,765
4054,2012-02-07,858
4055,2012-02-08,811
4056,2012-02-09,829
4057,2012-02-10,775
4058,2012-02-11,712
4059,2012-02-12,718
4060,2012-02-13,729
4061,2012-02-14,775
4062,2012-02-15,928
4063,2012-02-16,869
4064,2012-02-17,986
4065,2012-02-18,763
4066,2012-02-19,785
4067,2012-02-20,716
4068,2012-02-21,850
4069,2012-02-22,897
4070,2012-02-23,817
4071,2012-02-24,784
4072,2012-02-25,792
4073,2012-02-26,727
4074,2012-02-27,818
4075,2012-02-28,893
4076,2012-02-29,875
4077,2012-03-01,1042
4078,2012-03-02,881
4079,2012-03-03,779
4080,2012-03-04,757
4081,2012-03-05,764
4082,2012-03-06,938
4083,2012-03-07,950
4084,2012-03-08,922
4085,2012-03-09,958
4086,2012-03-10,891
4087,2012-03-11,805
4088,2012-03-12,912
4089,2012-03-13,926
4090,2012-03-14,930
4091,2012-03-15,1000
4092,2012-03-16,956
4093,2012-03-17,1070
4094,2012-03-18,919
4095,2012-03-19,979
4096,2012-03-20,992
4097,2012-03-21,1076
4098,2012-03-22,979
4099,2012-03-23,976
4100,2012-03-24,905
4101,2012-03-25,885
4102,2012-03-26,831
4103,2012-03-27,868
4104,2012-03-28,911
4105,2012-03-29,948
4106,2012-03-30,941
4107,2012-03-31,878
4108,2012-04-01,999
4109,2012-04-02,828
4110,2012-04-03,883
4111,2012-04-04,865
4112,2012-04-05,881
4113,2012-04-06,903
4114,2012-04-07,974
4115,2012-04-08,820
4116,2012-04-09,918
4117,2012-04-10,844
4118,2012-04-11,920
4119,2012-04-12,922
4120,2012-04-13,939
4121,2012-04-14,944
4122,2012-04-15,977
4123,2012-04-16,931
4124,2012-04-17,959
4125,2012-04-18,879
4126,2012-04-19,961
4127,2012-04-20,917
4128,2012-04-21,876
4129,2012-04-22,824
4130,2012-04-23,935
4131,2012-04-24,896
4132,2012-04-25,952
4133,2012-04-26,925
4134,2012-04-27,962
4135,2012-04-28,878
4136,2012-04-29,803
4137,2012-04-30,869
4138,2012-05-01,1063
4139,2012-05-02,998
4140,2012-05-03,981
4141,2012-05-04,1031
4142,2012-05-05,950
4143,2012-05-06,843
4144,2012-05-07,973
4145,2012-05-08,1025
4146,2012-05-09,977
4147,2012-05-10,916
4148,2012-05-11,998
4149,2012-05-12,932
4150,2012-05-13,819
4151,2012-05-14,1004
4152,2012-05-15,1040
4153,2012-05-16,947
4154,2012-05-17,954
4155,2012-05-18,978
4156,2012-05-19,931
4157,2012-05-20,956
4158,2012-05-21,886
4159,2012-05-22,950
4160,2012-05-23,1072
4161,2012-05-24,1023
4162,2012-05-25,1083
4163,2012-05-26,910
4164,2012-05-27,927
4165,2012-05-28,1030
4166,2012-05-29,1094
4167,2012-05-30,985
4168,2012-05-31,829
4169,2012-06-01,1223
4170,2012-06-02,944
4171,2012-06-03,991
4172,2012-06-04,980
4173,2012-06-05,950
4174,2012-06-06,1024
4175,2012-06-07,991
4176,2012-06-08,1114
4177,2012-06-09,1049
4178,2012-06-10,1008
4179,2012-06-11,1067
4180,2012-06-12,1089
4181,2012-06-13,1076
4182,2012-06-14,979
4183,2012-06-15,1082
4184,2012-06-16,1062
4185,2012-06-17,946
4186,2012-06-18,1068
4187,2012-06-19,1005
4188,2012-06-20,1098
4189,2012-06-21,1056
4190,2012-06-22,1120
4191,2012-06-23,1128
4192,2012-06-24,1077
4193,2012-06-25,965
4194,2012-06-26,957
4195,2012-06-27,1047
4196,2012-06-28,939
4197,2012-06-29,1045
4198,2012-06-30,1011
4199,2012-07-01,1190
4200,2012-07-02,1056
4201,2012-07-03,1060
4202,2012-07-04,1045
4203,2012-07-05,1010
4204,2012-07-06,1027
4205,2012-07-07,1062
4206,2012-07-08,1093
4207,2012-07-09,1065
4208,2012-07-10,1054
4209,2012-07-11,1030
4210,2012-07-12,1040
4211,2012-07-13,1084
4212,2012-07-14,1054
4213,2012-07-15,1125
4214,2012-07-16,988
4215,2012-07-17,1004
4216,2012-07-18,977
4217,2012-07-19,921
4218,2012-07-20,1072
4219,2012-07-21,1065
4220,2012-07-22,985
4221,2012-07-23,988
4222,2012-07-24,967
4223,2012-07-25,1012
4224,2012-07-26,976
4225,2012-07-27,1040
4226,2012-07-28,1044
4227,2012-07-29,1017
4228,2012-07-30,999
4229,2012-07-31,933
4230,2012-08-01,1107
4231,2012-08-02,1019
4232,2012-08-03,1061
4233,2012-08-04,1000
4234,2012-08-05,961
4235,2012-08-06,962
4236,2012-08-07,952
4237,2012-08-08,973
4238,2012-08-09,936
4239,2012-08-10,914
4240,2012-08-11,994
4241,2012-08-12,944
4242,2012-08-13,868
4243,2012-08-14,961
4244,2012-08-15,1063
4245,2012-08-16,937
4246,2012-08-17,963
4247,2012-08-18,986
4248,2012-08-19,940
4249,2012-08-20,893
4250,2012-08-21,921
4251,2012-08-22,890
4252,2012-08-23,1031
4253,2012-08-24,1032
4254,2012-08-25,1080
4255,2012-08-26,905
4256,2012-08-27,902
4257,2012-08-28,953
4258,2012-08-29,955
4259,2012-08-30,929
4260,2012-08-31,1015
4261,2012-09-01,1181
4262,2012-09-02,895
4263,2012-09-03,890
4264,2012-09-04,914
4265,2012-09-05,861
4266,2012-09-06,1018
4267,2012-09-07,960
4268,2012-09-08,985
4269,2012-09-09,910
4270,2012-09-10,880
4271,2012-09-11,913
4272,2012-09-12,936
4273,2012-09-13,868
4274,2012-09-14,997
4275,2012-09-15,1013
4276,2012-09-16,897
4277,2012-09-17,901
4278,2012-09-18,831
4279,2012-09-19,914
4280,2012-09-20,920
4281,2012-09-21,998
4282,2012-09-22,871
4283,2012-09-23,827
4284,2012-09-24,869
4285,2012-09-25,922
4286,2012-09-26,934
4287,2012-09-27,839
4288,2012-09-28,983
4289,2012-09-29,970
4290,2012-09-30,869
4291,2012-10-01,1054
4292,2012-10-02,906
4293,2012-10-03,919
4294,2012-10-04,880
4295,2012-10-05,914
4296,2012-10-06,807
4297,2012-10-07,768
4298,2012-10-08,901
4299,2012-10-09,892
4300,2012-10-10,962
4301,2012-10-11,866
4302,2012-10-12,964
4303,2012-10-13,875
4304,2012-10-14,860
4305,2012-10-15,939
4306,2012-10-16,874
4307,2012-10-17,956
4308,2012-10-18,898
4309,2012-10-19,942
4310,2012-10-20,961
4311,2012-10-21,927
4312,2012-10-22,839
4313,2012-10-23,893
4314,2012-10-24,1019
4315,2012-10-25,851
4316,2012-10-26,963
4317,2012-10-27,861
4318,2012-10-28,827
4319,2012-10-29,833
4320,2012-10-30,873
4321,2012-10-31,951
4322,2012-11-01,1075
4323,2012-11-02,932
4324,2012-11-03,802
4325,2012-11-04,731
4326,2012-11-05,891
4327,2012-11-06,786
4328,2012-11-07,875
4329,2012-11-08,853
4330,2012-11-09,1001
4331,2012-11-10,977
4332,2012-11-11,884
4333,2012-11-12,795
4334,2012-11-13,826
4335,2012-11-14,847
4336,2012-11-15,947
4337,2012-11-16,941
4338,2012-11-17,874
4339,2012-11-18,849
4340,2012-11-19,867
4341,2012-11-20,925
4342,2012-11-21,892
4343,2012-11-22,660
4344,2012-11-23,787
4345,2012-11-24,838
4346,2012-11-25,813
4347,2012-11-26,799
4348,2012-11-27,809
4349,2012-11-28,858
4350,2012-11-29,916
4351,2012-11-30,991
4352,2012-12-01,1058
4353,2012-12-02,842
4354,2012-12-03,933
4355,2012-12-04,917
4356,2012-12-05,861
4357,2012-12-06,876
4358,2012-12-07,899
4359,2012-12-08,778
4360,2012-12-09,761
4361,2012-12-10,853
4362,2012-12-11,826
4363,2012-12-12,914
4364,2012-12-13,809
4365,2012-12-14,954
4366,2012-12-15,858
4367,2012-12-16,789
4368,2012-12-17,829
4369,2012-12-18,851
4370,2012-12-19,877
4371,2012-12-20,828
4372,2012-12-21,778
4373,2012-12-22,732
4374,2012-12-23,763
4375,2012-12-24,709
4376,2012-12-25,522
4377,2012-12-26,621
4378,2012-12-27,684
4379,2012-12-28,855
4380,2012-12-29,806
4381,2012-12-30,707
4382,2012-12-31,740
4383,2013-01-01,1421
4384,2013-01-02,750
4385,2013-01-03,775
4386,2013-01-04,866
4387,2013-01-05,788
4388,2013-01-06,698
4389,2013-01-07,818
4390,2013-01-08,755
4391,2013-01-09,884
4392,2013-01-10,848
4393,2013-01-11,905
4394,2013-01-12,763
4395,2013-01-13,709
4396,2013-01-14,745
4397,2013-01-15,841
4398,2013-01-16,831
4399,2013-01-17,849
4400,2013-01-18,927
4401,2013-01-19,885
4402,2013-01-20,688
4403,2013-01-21,665
4404,2013-01-22,693
4405,2013-01-23,797
4406,2013-01-24,863
4407,2013-01-25,824
4408,2013-01-26,797
4409,2013-01-27,704
4410,2013-01-28,907
4411,2013-01-29,906
4412,2013-01-30,856
4413,2013-01-31,753
4414,2013-02-01,889
4415,2013-02-02,738
4416,2013-02-03,592
4417,2013-02-04,728
4418,2013-02-05,789
4419,2013-02-06,826
4420,2013-02-07,753
4421,2013-02-08,816
4422,2013-02-09,801
4423,2013-02-10,762
4424,2013-02-11,760
4425,2013-02-12,785
4426,2013-02-13,860
4427,2013-02-14,750
4428,2013-02-15,933
4429,2013-02-16,691
4430,2013-02-17,692
4431,2013-02-18,756
4432,2013-02-19,750
4433,2013-02-20,768
4434,2013-02-21,768
4435,2013-02-22,763
4436,2013-02-23,697
4437,2013-02-24,676
4438,2013-02-25,757
4439,2013-02-26,675
4440,2013-02-27,826
4441,2013-02-28,808
4442,2013-03-01,1005
4443,2013-03-02,766
4444,2013-03-03,717
4445,2013-03-04,814
4446,2013-03-05,696
4447,2013-03-06,724
4448,2013-03-07,832
4449,2013-03-08,880
4450,2013-03-09,838
4451,2013-03-10,694
4452,2013-03-11,824
4453,2013-03-12,841
4454,2013-03-13,824
4455,2013-03-14,842
4456,2013-03-15,878
4457,2013-03-16,827
4458,2013-03-17,773
4459,2013-03-18,794
4460,2013-03-19,771
4461,2013-03-20,789
4462,2013-03-21,759
4463,2013-03-22,864
4464,2013-03-23,783
4465,2013-03-24,789
4466,2013-03-25,758
4467,2013-03-26,775
4468,2013-03-27,775
4469,2013-03-28,833
4470,2013-03-29,874
4471,2013-03-30,868
4472,2013-03-31,767
4473,2013-04-01,953
4474,2013-04-02,839
4475,2013-04-03,827
4476,2013-04-04,934
4477,2013-04-05,900
4478,2013-04-06,807
4479,2013-04-07,797
4480,2013-04-08,896
4481,2013-04-09,825
4482,2013-04-10,852
4483,2013-04-11,813
4484,2013-04-12,922
4485,2013-04-13,842
4486,2013-04-14,827
4487,2013-04-15,843
4488,2013-04-16,862
4489,2013-04-17,719
4490,2013-04-18,797
4491,2013-04-19,847
4492,2013-04-20,804
4493,2013-04-21,773
4494,2013-04-22,915
4495,2013-04-23,764
4496,2013-04-24,907
4497,2013-04-25,876
4498,2013-04-26,962
4499,2013-04-27,869
4500,2013-04-28,794
4501,2013-04-29,904
4502,2013-04-30,861
4503,2013-05-01,1169
4504,2013-05-02,827
4505,2013-05-03,903
4506,2013-05-04,913
4507,2013-05-05,827
4508,2013-05-06,878
4509,2013-05-07,909
4510,2013-05-08,965
4511,2013-05-09,837
4512,2013-05-10,915
4513,2013-05-11,833
4514,2013-05-12,833
4515,2013-05-13,895
4516,2013-05-14,906
4517,2013-05-15,1037
4518,2013-05-16,973
4519,2013-05-17,989
4520,2013-05-18,946
4521,2013-05-19,850
4522,2013-05-20,961
4523,2013-05-21,931
4524,2013-05-22,910
4525,2013-05-23,840
4526,2013-05-24,935
4527,2013-05-25,838
4528,2013-05-26,778
4529,2013-05-27,771
4530,2013-05-28,848
4531,2013-05-29,904
4532,2013-05-30,946
4533,2013-05-31,933
4534,2013-06-01,1083
4535,2013-06-02,832
4536,2013-06-03,914
4537,2013-06-04,858
4538,2013-06-05,904
4539,2013-06-06,960
4540,2013-06-07,878
4541,2013-06-08,923
4542,2013-06-09,831
4543,2013-06-10,888
4544,2013-06-11,856
4545,2013-06-12,830
4546,2013-06-13,916
4547,2013-06-14,1008
4548,2013-06-15,899
4549,2013-06-16,957
4550,2013-06-17,1022
4551,2013-06-18,930
4552,2013-06-19,900
4553,2013-06-20,969
4554,2013-06-21,904
4555,2013-06-22,922
4556,2013-06-23,889
4557,2013-06-24,825
4558,2013-06-25,913
4559,2013-06-26,953
4560,2013-06-27,875
4561,2013-06-28,910
4562,2013-06-29,903
4563,2013-06-30,934
4564,2013-07-01,1080
4565,2013-07-02,880
4566,2013-07-03,879
4567,2013-07-04,946
4568,2013-07-05,989
4569,2013-07-06,887
4570,2013-07-07,903
4571,2013-07-08,884
4572,2013-07-09,884
4573,2013-07-10,872
4574,2013-07-11,885
4575,2013-07-12,947
4576,2013-07-13,947
4577,2013-07-14,946
4578,2013-07-15,1018
4579,2013-07-16,907
4580,2013-07-17,932
4581,2013-07-18,920
4582,2013-07-19,904
4583,2013-07-20,918
4584,2013-07-21,929
4585,2013-07-22,1002
4586,2013-07-23,925
4587,2013-07-24,964
4588,2013-07-25,918
4589,2013-07-26,991
4590,2013-07-27,895
4591,2013-07-28,859
4592,2013-07-29,891
4593,2013-07-30,891
4594,2013-07-31,843
4595,2013-08-01,1028
4596,2013-08-02,969
4597,2013-08-03,973
4598,2013-08-04,922
4599,2013-08-05,853
4600,2013-08-06,905
4601,2013-08-07,940
4602,2013-08-08,911
4603,2013-08-09,987
4604,2013-08-10,1019
4605,2013-08-11,896
4606,2013-08-12,983
4607,2013-08-13,900
4608,2013-08-14,882
4609,2013-08-15,924
4610,2013-08-16,925
4611,2013-08-17,944
4612,2013-08-18,882
4613,2013-08-19,938
4614,2013-08-20,962
4615,2013-08-21,864
4616,2013-08-22,906
4617,2013-08-23,907
4618,2013-08-24,941
4619,2013-08-25,949
4620,2013-08-26,942
4621,2013-08-27,885
4622,2013-08-28,902
4623,2013-08-29,872
4624,2013-08-30,934
4625,2013-08-31,816
4626,2013-09-01,1116
4627,2013-09-02,928
4628,2013-09-03,873
4629,2013-09-04,839
4630,2013-09-05,928
4631,2013-09-06,897
4632,2013-09-07,921
4633,2013-09-08,866
4634,2013-09-09,868
4635,2013-09-10,916
4636,2013-09-11,872
4637,2013-09-12,857
4638,2013-09-13,887
4639,2013-09-14,829
4640,2013-09-15,835
4641,2013-09-16,776
4642,2013-09-17,838
4643,2013-09-18,854
4644,2013-09-19,852
4645,2013-09-20,946
4646,2013-09-21,904
4647,2013-09-22,757
4648,2013-09-23,849
4649,2013-09-24,921
4650,2013-09-25,886
4651,2013-09-26,856
4652,2013-09-27,965
4653,2013-09-28,923
4654,2013-09-29,758
4655,2013-09-30,833
4656,2013-10-01,1101
4657,2013-10-02,869
4658,2013-10-03,859
4659,2013-10-04,874
4660,2013-10-05,852
4661,2013-10-06,743
4662,2013-10-07,777
4663,2013-10-08,801
4664,2013-10-09,881
4665,2013-10-10,855
4666,2013-10-11,871
4667,2013-10-12,821
4668,2013-10-13,779
4669,2013-10-14,783
4670,2013-10-15,783
4671,2013-10-16,802
4672,2013-10-17,778
4673,2013-10-18,837
4674,2013-10-19,778
4675,2013-10-20,808
4676,2013-10-21,779
4677,2013-10-22,750
4678,2013-10-23,751
4679,2013-10-24,766
4680,2013-10-25,843
4681,2013-10-26,745
4682,2013-10-27,750
4683,2013-10-28,840
4684,2013-10-29,851
4685,2013-10-30,831
4686,2013-10-31,921
4687,2013-11-01,1013
4688,2013-11-02,776
4689,2013-11-03,798
4690,2013-11-04,830
4691,2013-11-05,828
4692,2013-11-06,785
4693,2013-11-07,772
4694,2013-11-08,864
4695,2013-11-09,773
4696,2013-11-10,753
4697,2013-11-11,686
4698,2013-11-12,688
4699,2013-11-13,826
4700,2013-11-14,766
4701,2013-11-15,934
4702,2013-11-16,763
4703,2013-11-17,740
4704,2013-11-18,858
4705,2013-11-19,850
4706,2013-11-20,869
4707,2013-11-21,864
4708,2013-11-22,852
4709,2013-11-23,672
4710,2013-11-24,640
4711,2013-11-25,680
4712,2013-11-26,831
4713,2013-11-27,733
4714,2013-11-28,567
4715,2013-11-29,807
4716,2013-11-30,746
4717,2013-12-01,877
4718,2013-12-02,790
4719,2013-12-03,856
4720,2013-12-04,867
4721,2013-12-05,764
4722,2013-12-06,725
4723,2013-12-07,649
4724,2013-12-08,610
4725,2013-12-09,630
4726,2013-12-10,635
4727,2013-12-11,650
4728,2013-12-12,661
4729,2013-12-13,799
4730,2013-12-14,653
4731,2013-12-15,630
4732,2013-12-16,707
4733,2013-12-17,756
4734,2013-12-18,763
4735,2013-12-19,798
4736,2013-12-20,859
4737,2013-12-21,784
4738,2013-12-22,753
4739,2013-12-23,679
4740,2013-12-24,542
4741,2013-12-25,426
4742,2013-12-26,604
4743,2013-12-27,735
4744,2013-12-28,741
4745,2013-12-29,718
4746,2013-12-30,640
4747,2013-12-31,561
4748,2014-01-01,1203
4749,2014-01-02,485
4750,2014-01-03,562
4751,2014-01-04,577
4752,2014-01-05,404
4753,2014-01-06,367
4754,2014-01-07,467
4755,2014-01-08,598
4756,2014-01-09,614
4757,2014-01-10,635
4758,2014-01-11,654
4759,2014-01-12,687
4760,2014-01-13,761
4761,2014-01-14,688
4762,2014-01-15,745
4763,2014-01-16,688
4764,2014-01-17,746
4765,2014-01-18,663
4766,2014-01-19,648
4767,2014-01-20,695
4768,2014-01-21,590
4769,2014-01-22,624
4770,2014-01-23,624
4771,2014-01-24,688
4772,2014-01-25,678
4773,2014-01-26,595
4774,2014-01-27,546
4775,2014-01-28,595
4776,2014-01-29,728
4777,2014-01-30,752
4778,2014-01-31,744
4779,2014-02-01,789
4780,2014-02-02,580
4781,2014-02-03,677
4782,2014-02-04,645
4783,2014-02-05,559
4784,2014-02-06,611
4785,2014-02-07,693
4786,2014-02-08,604
4787,2014-02-09,648
4788,2014-02-10,620
4789,2014-02-11,595
4790,2014-02-12,606
4791,2014-02-13,642
4792,2014-02-14,696
4793,2014-02-15,639
4794,2014-02-16,585
4795,2014-02-17,598
4796,2014-02-18,632
4797,2014-02-19,710
4798,2014-02-20,648
4799,2014-02-21,718
4800,2014-02-22,647
4801,2014-02-23,631
4802,2014-02-24,634
4803,2014-02-25,649
4804,2014-02-26,662
4805,2014-02-27,613
4806,2014-02-28,700
4807,2014-03-01,737
4808,2014-03-02,551
4809,2014-03-03,594
4810,2014-03-04,627
4811,2014-03-05,637
4812,2014-03-06,661
4813,2014-03-07,757
4814,2014-03-08,684
4815,2014-03-09,621
4816,2014-03-10,815
4817,2014-03-11,698
4818,2014-03-12,660
4819,2014-03-13,718
4820,2014-03-14,827
4821,2014-03-15,844
4822,2014-03-16,638
4823,2014-03-17,705
4824,2014-03-18,818
4825,2014-03-19,761
4826,2014-03-20,783
4827,2014-03-21,801
4828,2014-03-22,737
4829,2014-03-23,647
4830,2014-03-24,697
4831,2014-03-25,700
4832,2014-03-26,724
4833,2014-03-27,719
4834,2014-03-28,786
4835,2014-03-29,771
4836,2014-03-30,738
4837,2014-03-31,736
4838,2014-04-01,922
4839,2014-04-02,725
4840,2014-04-03,715
4841,2014-04-04,811
4842,2014-04-05,752
4843,2014-04-06,709
4844,2014-04-07,762
4845,2014-04-08,748
4846,2014-04-09,776
4847,2014-04-10,811
4848,2014-04-11,785
4849,2014-04-12,872
4850,2014-04-13,679
4851,2014-04-14,688
4852,2014-04-15,748
4853,2014-04-16,772
4854,2014-04-17,836
4855,2014-04-18,787
4856,2014-04-19,754
4857,2014-04-20,690
4858,2014-04-21,730
4859,2014-04-22,736
4860,2014-04-23,737
4861,2014-04-24,769
4862,2014-04-25,848
4863,2014-04-26,778
4864,2014-04-27,672
4865,2014-04-28,724
4866,2014-04-29,788
4867,2014-04-30,798
4868,2014-05-01,878
4869,2014-05-02,864
4870,2014-05-03,745
4871,2014-05-04,721
4872,2014-05-05,845
4873,2014-05-06,825
4874,2014-05-07,769
4875,2014-05-08,767
4876,2014-05-09,863
4877,2014-05-10,817
4878,2014-05-11,744
4879,2014-05-12,813
4880,2014-05-13,813
4881,2014-05-14,787
4882,2014-05-15,753
4883,2014-05-16,841
4884,2014-05-17,803
4885,2014-05-18,859
4886,2014-05-19,787
4887,2014-05-20,764
4888,2014-05-21,834
4889,2014-05-22,789
4890,2014-05-23,807
4891,2014-05-24,759
4892,2014-05-25,824
4893,2014-05-26,778
4894,2014-05-27,764
4895,2014-05-28,801
4896,2014-05-29,776
4897,2014-05-30,828
4898,2014-05-31,848
4899,2014-06-01,1036
4900,2014-06-02,876
4901,2014-06-03,898
4902,2014-06-04,775
4903,2014-06-05,803
4904,2014-06-06,859
4905,2014-06-07,869
4906,2014-06-08,773
4907,2014-06-09,823
4908,2014-06-10,673
4909,2014-06-11,775
4910,2014-06-12,822
4911,2014-06-13,936
4912,2014-06-14,843
4913,2014-06-15,882
4914,2014-06-16,872
4915,2014-06-17,888
4916,2014-06-18,771
4917,2014-06-19,824
4918,2014-06-20,887
4919,2014-06-21,865
4920,2014-06-22,867
4921,2014-06-23,830
4922,2014-06-24,861
4923,2014-06-25,855
4924,2014-06-26,826
4925,2014-06-27,898
4926,2014-06-28,853
4927,2014-06-29,906
4928,2014-06-30,801
4929,2014-07-01,1010
4930,2014-07-02,819
4931,2014-07-03,886
4932,2014-07-04,838
4933,2014-07-05,898
4934,2014-07-06,873
4935,2014-07-07,899
4936,2014-07-08,817
4937,2014-07-09,854
4938,2014-07-10,821
4939,2014-07-11,943
4940,2014-07-12,810
4941,2014-07-13,849
4942,2014-07-14,814
4943,2014-07-15,817
4944,2014-07-16,845
4945,2014-07-17,808
4946,2014-07-18,874
4947,2014-07-19,868
4948,2014-07-20,844
4949,2014-07-21,810
4950,2014-07-22,833
4951,2014-07-23,861
4952,2014-07-24,853
4953,2014-07-25,925
4954,2014-07-26,875
4955,2014-07-27,890
4956,2014-07-28,873
4957,2014-07-29,804
4958,2014-07-30,794
4959,2014-07-31,861
4960,2014-08-01,1080
4961,2014-08-02,896
4962,2014-08-03,846
4963,2014-08-04,782
4964,2014-08-05,825
4965,2014-08-06,809
4966,2014-08-07,843
4967,2014-08-08,819
4968,2014-08-09,887
4969,2014-08-10,855
4970,2014-08-11,874
4971,2014-08-12,760
4972,2014-08-13,857
4973,2014-08-14,795
4974,2014-08-15,863
4975,2014-08-16,854
4976,2014-08-17,862
4977,2014-08-18,816
4978,2014-08-19,776
4979,2014-08-20,834
4980,2014-08-21,778
4981,2014-08-22,816
4982,2014-08-23,822
4983,2014-08-24,856
4984,2014-08-25,777
4985,2014-08-26,804
4986,2014-08-27,782
4987,2014-08-28,738
4988,2014-08-29,885
4989,2014-08-30,867
4990,2014-08-31,830
4991,2014-09-01,1014
4992,2014-09-02,799
4993,2014-09-03,723
4994,2014-09-04,749
4995,2014-09-05,844
4996,2014-09-06,814
4997,2014-09-07,823
4998,2014-09-08,687
4999,2014-09-09,788
5000,2014-09-10,706
5001,2014-09-11,748
5002,2014-09-12,719
5003,2014-09-13,685
5004,2014-09-14,760
5005,2014-09-15,738
5006,2014-09-16,749
5007,2014-09-17,796
5008,2014-09-18,868
5009,2014-09-19,876
5010,2014-09-20,846
5011,2014-09-21,791
5012,2014-09-22,769
5013,2014-09-23,835
5014,2014-09-24,836
5015,2014-09-25,750
5016,2014-09-26,879
5017,2014-09-27,892
5018,2014-09-28,837
5019,2014-09-29,800
5020,2014-09-30,781
5021,2014-10-01,977
5022,2014-10-02,805
5023,2014-10-03,779
5024,2014-10-04,723
5025,2014-10-05,716
5026,2014-10-06,722
5027,2014-10-07,758
5028,2014-10-08,746
5029,2014-10-09,686
5030,2014-10-10,741
5031,2014-10-11,801
5032,2014-10-12,691
5033,2014-10-13,705
5034,2014-10-14,730
5035,2014-10-15,773
5036,2014-10-16,746
5037,2014-10-17,868
5038,2014-10-18,838
5039,2014-10-19,744
5040,2014-10-20,758
5041,2014-10-21,777
5042,2014-10-22,727
5043,2014-10-23,776
5044,2014-10-24,879
5045,2014-10-25,802
5046,2014-10-26,751
5047,2014-10-27,812
5048,2014-10-28,770
5049,2014-10-29,796
5050,2014-10-30,779
5051,2014-10-31,824
5052,2014-11-01,909
5053,2014-11-02,727
5054,2014-11-03,774
5055,2014-11-04,776
5056,2014-11-05,743
5057,2014-11-06,669
5058,2014-11-07,781
5059,2014-11-08,746
5060,2014-11-09,685
5061,2014-11-10,776
5062,2014-11-11,675
5063,2014-11-12,595
5064,2014-11-13,662
5065,2014-11-14,754
5066,2014-11-15,749
5067,2014-11-16,675
5068,2014-11-17,624
5069,2014-11-18,624
5070,2014-11-19,633
5071,2014-11-20,633
5072,2014-11-21,733
5073,2014-11-22,728
5074,2014-11-23,688
5075,2014-11-24,591
5076,2014-11-25,662
5077,2014-11-26,677
5078,2014-11-27,453
5079,2014-11-28,605
5080,2014-11-29,706
5081,2014-11-30,722
5082,2014-12-01,813
5083,2014-12-02,650
5084,2014-12-03,750
5085,2014-12-04,691
5086,2014-12-05,802
5087,2014-12-06,660
5088,2014-12-07,595
5089,2014-12-08,709
5090,2014-12-09,652
5091,2014-12-10,726
5092,2014-12-11,638
5093,2014-12-12,727
5094,2014-12-13,768
5095,2014-12-14,714
5096,2014-12-15,728
5097,2014-12-16,660
5098,2014-12-17,736
5099,2014-12-18,667
5100,2014-12-19,768
5101,2014-12-20,739
5102,2014-12-21,650
5103,2014-12-22,647
5104,2014-12-23,673
5105,2014-12-24,568
5106,2014-12-25,439
5107,2014-12-26,626
5108,2014-12-27,717
5109,2014-12-28,632
5110,2014-12-29,678
5111,2014-12-30,571
5112,2014-12-31,585
5113,2015-01-01,1222
5114,2015-01-02,673
5115,2015-01-03,648
5116,2015-01-04,514
5117,2015-01-05,523
5118,2015-01-06,503
5119,2015-01-07,474
5120,2015-01-08,448
5121,2015-01-09,590
5122,2015-01-10,647
5123,2015-01-11,649
5124,2015-01-12,607
5125,2015-01-13,612
5126,2015-01-14,675
5127,2015-01-15,763
5128,2015-01-16,710
5129,2015-01-17,741
5130,2015-01-18,698
5131,2015-01-19,708
5132,2015-01-20,793
5133,2015-01-21,745
5134,2015-01-22,752
5135,2015-01-23,800
5136,2015-01-24,756
5137,2015-01-25,646
5138,2015-01-26,656
5139,2015-01-27,675
5140,2015-01-28,646
5141,2015-01-29,703
5142,2015-01-30,714
5143,2015-01-31,636
5144,2015-02-01,562
5145,2015-02-02,474
5146,2015-02-03,511
5147,2015-02-04,577
5148,2015-02-05,572
5149,2015-02-06,696
5150,2015-02-07,679
5151,2015-02-08,615
5152,2015-02-09,607
5153,2015-02-10,629
5154,2015-02-11,606
5155,2015-02-12,611
5156,2015-02-13,632
5157,2015-02-14,597
5158,2015-02-15,552
5159,2015-02-16,537
5160,2015-02-17,597
5161,2015-02-18,511
5162,2015-02-19,463
5163,2015-02-20,651
5164,2015-02-21,652
5165,2015-02-22,593
5166,2015-02-23,572
5167,2015-02-24,628
5168,2015-02-25,571
5169,2015-02-26,517
5170,2015-02-27,638
5171,2015-02-28,545
5172,2015-03-01,756
5173,2015-03-02,658
5174,2015-03-03,636
5175,2015-03-04,562
5176,2015-03-05,612
5177,2015-03-06,712
5178,2015-03-07,697
5179,2015-03-08,625
5180,2015-03-09,726
5181,2015-03-10,753
5182,2015-03-11,746
5183,2015-03-12,751
5184,2015-03-13,814
5185,2015-03-14,798
5186,2015-03-15,778
5187,2015-03-16,779
5188,2015-03-17,692
5189,2015-03-18,690
5190,2015-03-19,717
5191,2015-03-20,775
5192,2015-03-21,689
5193,2015-03-22,656
5194,2015-03-23,592
5195,2015-03-24,639
5196,2015-03-25,723
5197,2015-03-26,684
5198,2015-03-27,725
5199,2015-03-28,657
5200,2015-03-29,619
5201,2015-03-30,719
5202,2015-03-31,693
5203,2015-04-01,927
5204,2015-04-02,794
5205,2015-04-03,710
5206,2015-04-04,694
5207,2015-04-05,673
5208,2015-04-06,676
5209,2015-04-07,603
5210,2015-04-08,679
5211,2015-04-09,648
5212,2015-04-10,714
5213,2015-04-11,720
5214,2015-04-12,773
5215,2015-04-13,735
5216,2015-04-14,767
5217,2015-04-15,798
5218,2015-04-16,686
5219,2015-04-17,785
5220,2015-04-18,769
5221,2015-04-19,703
5222,2015-04-20,743
5223,2015-04-21,663
5224,2015-04-22,682
5225,2015-04-23,731
5226,2015-04-24,761
5227,2015-04-25,695
5228,2015-04-26,718
5229,2015-04-27,721
5230,2015-04-28,718
5231,2015-04-29,766
5232,2015-04-30,666
5233,2015-05-01,951
5234,2015-05-02,686
5235,2015-05-03,745
5236,2015-05-04,779
5237,2015-05-05,696
5238,2015-05-06,739
5239,2015-05-07,826
5240,2015-05-08,807
5241,2015-05-09,685
5242,2015-05-10,741
5243,2015-05-11,748
5244,2015-05-12,757
5245,2015-05-13,767
5246,2015-05-14,755
5247,2015-05-15,822
5248,2015-05-16,882
5249,2015-05-17,836
5250,2015-05-18,758
5251,2015-05-19,707
5252,2015-05-20,729
5253,2015-05-21,745
5254,2015-05-22,824
5255,2015-05-23,798
5256,2015-05-24,687
5257,2015-05-25,708
5258,2015-05-26,771
5259,2015-05-27,737
5260,2015-05-28,800
5261,2015-05-29,828
5262,2015-05-30,719
5263,2015-05-31,666
5264,2015-06-01,954
5265,2015-06-02,772
5266,2015-06-03,777
5267,2015-06-04,721
5268,2015-06-05,786
5269,2015-06-06,758
5270,2015-06-07,739
5271,2015-06-08,681
5272,2015-06-09,731
5273,2015-06-10,793
5274,2015-06-11,802
5275,2015-06-12,827
5276,2015-06-13,813
5277,2015-06-14,794
5278,2015-06-15,739
5279,2015-06-16,847
5280,2015-06-17,722
5281,2015-06-18,768
5282,2015-06-19,775
5283,2015-06-20,766
5284,2015-06-21,783
5285,2015-06-22,780
5286,2015-06-23,732
5287,2015-06-24,728
5288,2015-06-25,784
5289,2015-06-26,784
5290,2015-06-27,723
5291,2015-06-28,797
5292,2015-06-29,751
5293,2015-06-30,748
5294,2015-07-01,888
5295,2015-07-02,757
5296,2015-07-03,768
5297,2015-07-04,845
5298,2015-07-05,898
5299,2015-07-06,757
5300,2015-07-07,701
5301,2015-07-08,718
5302,2015-07-09,671
5303,2015-07-10,739
5304,2015-07-11,798
5305,2015-07-12,801
5306,2015-07-13,782
5307,2015-07-14,711
5308,2015-07-15,795
5309,2015-07-16,673
5310,2015-07-17,825
5311,2015-07-18,776
5312,2015-07-19,764
5313,2015-07-20,778
5314,2015-07-21,776
5315,2015-07-22,774
5316,2015-07-23,810
5317,2015-07-24,867
5318,2015-07-25,831
5319,2015-07-26,802
5320,2015-07-27,835
5321,2015-07-28,767
5322,2015-07-29,763
5323,2015-07-30,775
5324,2015-07-31,781
5325,2015-08-01,1044
5326,2015-08-02,821
5327,2015-08-03,729
5328,2015-08-04,761
5329,2015-08-05,772
5330,2015-08-06,809
5331,2015-08-07,839
5332,2015-08-08,849
5333,2015-08-09,745
5334,2015-08-10,808
5335,2015-08-11,790
5336,2015-08-12,760
5337,2015-08-13,784
5338,2015-08-14,808
5339,2015-08-15,824
5340,2015-08-16,865
5341,2015-08-17,741
5342,2015-08-18,762
5343,2015-08-19,792
5344,2015-08-20,838
5345,2015-08-21,858
5346,2015-08-22,845
5347,2015-08-23,806
5348,2015-08-24,724
5349,2015-08-25,767
5350,2015-08-26,792
5351,2015-08-27,764
5352,2015-08-28,806
5353,2015-08-29,760
5354,2015-08-30,800
5355,2015-08-31,745
5356,2015-09-01,954
5357,2015-09-02,801
5358,2015-09-03,875
5359,2015-09-04,815
5360,2015-09-05,765
5361,2015-09-06,818
5362,2015-09-07,808
5363,2015-09-08,717
5364,2015-09-09,711
5365,2015-09-10,658
5366,2015-09-11,691
5367,2015-09-12,724
5368,2015-09-13,734
5369,2015-09-14,790
5370,2015-09-15,811
5371,2015-09-16,766
5372,2015-09-17,717
5373,2015-09-18,791
5374,2015-09-19,792
5375,2015-09-20,811
5376,2015-09-21,735
5377,2015-09-22,776
5378,2015-09-23,833
5379,2015-09-24,716
5380,2015-09-25,810
5381,2015-09-26,792
5382,2015-09-27,801
5383,2015-09-28,753
5384,2015-09-29,669
5385,2015-09-30,678
5386,2015-10-01,887
5387,2015-10-02,799
5388,2015-10-03,708
5389,2015-10-04,653
5390,2015-10-05,755
5391,2015-10-06,752
5392,2015-10-07,718
5393,2015-10-08,701
5394,2015-10-09,795
5395,2015-10-10,728
5396,2015-10-11,735
5397,2015-10-12,730
5398,2015-10-13,741
5399,2015-10-14,764
5400,2015-10-15,816
5401,2015-10-16,734
5402,2015-10-17,706
5403,2015-10-18,675
5404,2015-10-19,788
5405,2015-10-20,785
5406,2015-10-21,794
5407,2015-10-22,773
5408,2015-10-23,777
5409,2015-10-24,765
5410,2015-10-25,728
5411,2015-10-26,781
5412,2015-10-27,651
5413,2015-10-28,682
5414,2015-10-29,669
5415,2015-10-30,776
5416,2015-10-31,721
5417,2015-11-01,992
5418,2015-11-02,785
5419,2015-11-03,749
5420,2015-11-04,791
5421,2015-11-05,754
5422,2015-11-06,747
5423,2015-11-07,691
5424,2015-11-08,705
5425,2015-11-09,684
5426,2015-11-10,640
5427,2015-11-11,686
5428,2015-11-12,693
5429,2015-11-13,679
5430,2015-11-14,696
5431,2015-11-15,722
5432,2015-11-16,744
5433,2015-11-17,667
5434,2015-11-18,683
5435,2015-11-19,696
5436,2015-11-20,713
5437,2015-11-21,528
5438,2015-11-22,520
5439,2015-11-23,650
5440,2015-11-24,607
5441,2015-11-25,620
5442,2015-11-26,589
5443,2015-11-27,613
5444,2015-11-28,658
5445,2015-11-29,612
5446,2015-11-30,666
5447,2015-12-01,794
5448,2015-12-02,716
5449,2015-12-03,710
5450,2015-12-04,700
5451,2015-12-05,707
5452,2015-12-06,687
5453,2015-12-07,689
5454,2015-12-08,733
5455,2015-12-09,685
5456,2015-12-10,690
5457,2015-12-11,742
5458,2015-12-12,752
5459,2015-12-13,650
5460,2015-12-14,739
5461,2015-12-15,793
5462,2015-12-16,722
5463,2015-12-17,727
5464,2015-12-18,653
5465,2015-12-19,666
5466,2015-12-20,693
5467,2015-12-21,649
5468,2015-12-22,694
5469,2015-12-23,753
5470,2015-12-24,675
5471,2015-12-25,498
5472,2015-12-26,640
5473,2015-12-27,627
5474,2015-12-28,516
5475,2015-12-29,624
5476,2015-12-30,603
5477,2015-12-31,610
5478,2016-01-01,1154
5479,2016-01-02,576
5480,2016-01-03,618
5481,2016-01-04,626
5482,2016-01-05,627
5483,2016-01-06,626
5484,2016-01-07,706
5485,2016-01-08,742
5486,2016-01-09,650
5487,2016-01-10,597
5488,2016-01-11,513
5489,2016-01-12,548
5490,2016-01-13,654
5491,2016-01-14,734
5492,2016-01-15,733
5493,2016-01-16,651
5494,2016-01-17,537
5495,2016-01-18,515
5496,2016-01-19,610
5497,2016-01-20,619
5498,2016-01-21,634
5499,2016-01-22,701
5500,2016-01-23,722
5501,2016-01-24,675
5502,2016-01-25,744
5503,2016-01-26,640
5504,2016-01-27,669
5505,2016-01-28,751
5506,2016-01-29,746
5507,2016-01-30,742
5508,2016-01-31,665
5509,2016-02-01,852
5510,2016-02-02,614
5511,2016-02-03,682
5512,2016-02-04,670
5513,2016-02-05,660
5514,2016-02-06,695
5515,2016-02-07,617
5516,2016-02-08,570
5517,2016-02-09,545
5518,2016-02-10,565
5519,2016-02-11,582
5520,2016-02-12,646
5521,2016-02-13,597
5522,2016-02-14,514
5523,2016-02-15,553
5524,2016-02-16,625
5525,2016-02-17,641
5526,2016-02-18,681
5527,2016-02-19,775
5528,2016-02-20,702
5529,2016-02-21,706
5530,2016-02-22,639
5531,2016-02-23,630
5532,2016-02-24,578
5533,2016-02-25,699
5534,2016-02-26,740
5535,2016-02-27,691
5536,2016-02-28,624
5537,2016-02-29,646
5538,2016-03-01,817
5539,2016-03-02,607
5540,2016-03-03,616
5541,2016-03-04,702
5542,2016-03-05,699
5543,2016-03-06,714
5544,2016-03-07,794
5545,2016-03-08,723
5546,2016-03-09,679
5547,2016-03-10,716
5548,2016-03-11,733
5549,2016-03-12,746
5550,2016-03-13,628
5551,2016-03-14,684
5552,2016-03-15,713
5553,2016-03-16,745
5554,2016-03-17,738
5555,2016-03-18,791
5556,2016-03-19,699
5557,2016-03-20,685
5558,2016-03-21,699
5559,2016-03-22,722
5560,2016-03-23,686
5561,2016-03-24,677
5562,2016-03-25,716
5563,2016-03-26,735
5564,2016-03-27,631
5565,2016-03-28,741
5566,2016-03-29,739
5567,2016-03-30,716
5568,2016-03-31,754
5569,2016-04-01,826
5570,2016-04-02,651
5571,2016-04-03,706
5572,2016-04-04,660
5573,2016-04-05,675
5574,2016-04-06,660
5575,2016-04-07,742
5576,2016-04-08,626
5577,2016-04-09,689
5578,2016-04-10,704
5579,2016-04-11,676
5580,2016-04-12,701
5581,2016-04-13,714
5582,2016-04-14,690
5583,2016-04-15,811
5584,2016-04-16,734
5585,2016-04-17,708
5586,2016-04-18,738
5587,2016-04-19,703
5588,2016-04-20,689
5589,2016-04-21,714
5590,2016-04-22,729
5591,2016-04-23,693
5592,2016-04-24,755
5593,2016-04-25,758
5594,2016-04-26,693
5595,2016-04-27,661
5596,2016-04-28,731
5597,2016-04-29,719
5598,2016-04-30,605
5599,2016-05-01,819
5600,2016-05-02,757
5601,2016-05-03,737
5602,2016-05-04,682
5603,2016-05-05,697
5604,2016-05-06,794
5605,2016-05-07,742
5606,2016-05-08,729
5607,2016-05-09,731
5608,2016-05-10,713
5609,2016-05-11,758
5610,2016-05-12,690
5611,2016-05-13,808
5612,2016-05-14,723
5613,2016-05-15,739
5614,2016-05-16,782
5615,2016-05-17,692
5616,2016-05-18,800
5617,2016-05-19,764
5618,2016-05-20,804
5619,2016-05-21,792
5620,2016-05-22,750
5621,2016-05-23,782
5622,2016-05-24,803
5623,2016-05-25,720
5624,2016-05-26,765
5625,2016-05-27,800
5626,2016-05-28,791
5627,2016-05-29,798
5628,2016-05-30,820
5629,2016-05-31,756
5630,2016-06-01,935
5631,2016-06-02,800
5632,2016-06-03,822
5633,2016-06-04,827
5634,2016-06-05,777
5635,2016-06-06,792
5636,2016-06-07,754
5637,2016-06-08,744
5638,2016-06-09,725
5639,2016-06-10,765
5640,2016-06-11,815
5641,2016-06-12,850
5642,2016-06-13,794
5643,2016-06-14,835
5644,2016-06-15,790
5645,2016-06-16,821
5646,2016-06-17,829
5647,2016-06-18,763
5648,2016-06-19,811
5649,2016-06-20,858
5650,2016-06-21,824
5651,2016-06-22,749
5652,2016-06-23,801
5653,2016-06-24,807
5654,2016-06-25,812
5655,2016-06-26,774
5656,2016-06-27,771
5657,2016-06-28,767
5658,2016-06-29,804
5659,2016-06-30,847
5660,2016-07-01,959
5661,2016-07-02,756
5662,2016-07-03,782
5663,2016-07-04,847
5664,2016-07-05,895
5665,2016-07-06,742
5666,2016-07-07,790
5667,2016-07-08,790
5668,2016-07-09,729
5669,2016-07-10,760
5670,2016-07-11,701
5671,2016-07-12,780
5672,2016-07-13,726
5673,2016-07-14,769
5674,2016-07-15,845
5675,2016-07-16,780
5676,2016-07-17,789
5677,2016-07-18,799
5678,2016-07-19,791
5679,2016-07-20,824
5680,2016-07-21,784
5681,2016-07-22,791
5682,2016-07-23,813
5683,2016-07-24,790
5684,2016-07-25,827
5685,2016-07-26,877
5686,2016-07-27,795
5687,2016-07-28,774
5688,2016-07-29,801
5689,2016-07-30,927
5690,2016-07-31,813
5691,2016-08-01,879
5692,2016-08-02,791
5693,2016-08-03,772
5694,2016-08-04,793
5695,2016-08-05,862
5696,2016-08-06,828
5697,2016-08-07,838
5698,2016-08-08,803
5699,2016-08-09,725
5700,2016-08-10,722
5701,2016-08-11,852
5702,2016-08-12,746
5703,2016-08-13,826
5704,2016-08-14,842
5705,2016-08-15,842
5706,2016-08-16,816
5707,2016-08-17,862
5708,2016-08-18,767
5709,2016-08-19,793
5710,2016-08-20,844
5711,2016-08-21,786
5712,2016-08-22,728
5713,2016-08-23,752
5714,2016-08-24,823
5715,2016-08-25,770
5716,2016-08-26,803
5717,2016-08-27,819
5718,2016-08-28,805
5719,2016-08-29,882
5720,2016-08-30,755
5721,2016-08-31,779
5722,2016-09-01,1033
5723,2016-09-02,799
5724,2016-09-03,830
5725,2016-09-04,779
5726,2016-09-05,821
5727,2016-09-06,761
5728,2016-09-07,723
5729,2016-09-08,794
5730,2016-09-09,818
5731,2016-09-10,767
5732,2016-09-11,758
5733,2016-09-12,793
5734,2016-09-13,786
5735,2016-09-14,820
5736,2016-09-15,823
5737,2016-09-16,806
5738,2016-09-17,834
5739,2016-09-18,781
5740,2016-09-19,712
5741,2016-09-20,792
5742,2016-09-21,731
5743,2016-09-22,831
5744,2016-09-23,843
5745,2016-09-24,833
5746,2016-09-25,809
5747,2016-09-26,764
5748,2016-09-27,735
5749,2016-09-28,634
5750,2016-09-29,702
5751,2016-09-30,772
5752,2016-10-01,860
5753,2016-10-02,707
5754,2016-10-03,771
5755,2016-10-04,743
5756,2016-10-05,805
5757,2016-10-06,754
5758,2016-10-07,863
5759,2016-10-08,715
5760,2016-10-09,682
5761,2016-10-10,722
5762,2016-10-11,697
5763,2016-10-12,745
5764,2016-10-13,693
5765,2016-10-14,821
5766,2016-10-15,823
5767,2016-10-16,789
5768,2016-10-17,817
5769,2016-10-18,774
5770,2016-10-19,712
5771,2016-10-20,717
5772,2016-10-21,760
5773,2016-10-22,773
5774,2016-10-23,785
5775,2016-10-24,769
5776,2016-10-25,735
5777,2016-10-26,698
5778,2016-10-27,729
5779,2016-10-28,802
5780,2016-10-29,831
5781,2016-10-30,786
5782,2016-10-31,867
5783,2016-11-01,910
5784,2016-11-02,749
5785,2016-11-03,783
5786,2016-11-04,783
5787,2016-11-05,821
5788,2016-11-06,753
5789,2016-11-07,737
5790,2016-11-08,644
5791,2016-11-09,680
5792,2016-11-10,723
5793,2016-11-11,797
5794,2016-11-12,781
5795,2016-11-13,660
5796,2016-11-14,670
5797,2016-11-15,712
5798,2016-11-16,770
5799,2016-11-17,810
5800,2016-11-18,794
5801,2016-11-19,676
5802,2016-11-20,663
5803,2016-11-21,683
5804,2016-11-22,722
5805,2016-11-23,699
5806,2016-11-24,534
5807,2016-11-25,689
5808,2016-11-26,719
5809,2016-11-27,693
5810,2016-11-28,693
5811,2016-11-29,698
5812,2016-11-30,697
5813,2016-12-01,819
5814,2016-12-02,833
5815,2016-12-03,758
5816,2016-12-04,594
5817,2016-12-05,676
5818,2016-12-06,688
5819,2016-12-07,660
5820,2016-12-08,606
5821,2016-12-09,668
5822,2016-12-10,612
5823,2016-12-11,512
5824,2016-12-12,629
5825,2016-12-13,574
5826,2016-12-14,610
5827,2016-12-15,579
5828,2016-12-16,695
5829,2016-12-17,614
5830,2016-12-18,526
5831,2016-12-19,660
5832,2016-12-20,693
5833,2016-12-21,728
5834,2016-12-22,702
5835,2016-12-23,728
5836,2016-12-24,604
5837,2016-12-25,487
5838,2016-12-26,647
5839,2016-12-27,663
5840,2016-12-28,722
5841,2016-12-29,647
5842,2016-12-30,742
5843,2016-12-31,704
5844,2017-01-01,1205
5845,2017-01-02,613
5846,2017-01-03,717
5847,2017-01-04,612
5848,2017-01-05,610
5849,2017-01-06,601
5850,2017-01-07,618
5851,2017-01-08,590
5852,2017-01-09,713
5853,2017-01-10,705
5854,2017-01-11,662
5855,2017-01-12,644
5856,2017-01-13,799
5857,2017-01-14,685
5858,2017-01-15,656
5859,2017-01-16,652
5860,2017-01-17,705
5861,2017-01-18,707
5862,2017-01-19,738
5863,2017-01-20,783
5864,2017-01-21,786
5865,2017-01-22,742
5866,2017-01-23,789
5867,2017-01-24,736
5868,2017-01-25,748
5869,2017-01-26,674
5870,2017-01-27,784
5871,2017-01-28,730
5872,2017-01-29,633
5873,2017-01-30,756
5874,2017-01-31,734
5875,2017-02-01,845
5876,2017-02-02,670
5877,2017-02-03,668
5878,2017-02-04,638
5879,2017-02-05,695
5880,2017-02-06,762
5881,2017-02-07,692
5882,2017-02-08,666
5883,2017-02-09,668
5884,2017-02-10,744
5885,2017-02-11,704
5886,2017-02-12,677
5887,2017-02-13,718
5888,2017-02-14,712
5889,2017-02-15,673
5890,2017-02-16,671
5891,2017-02-17,830
5892,2017-02-18,747
5893,2017-02-19,674
5894,2017-02-20,710
5895,2017-02-21,678
5896,2017-02-22,703
5897,2017-02-23,655
5898,2017-02-24,660
5899,2017-02-25,599
5900,2017-02-26,576
5901,2017-02-27,633
5902,2017-02-28,631
5903,2017-03-01,738
5904,2017-03-02,628
5905,2017-03-03,673
5906,2017-03-04,633
5907,2017-03-05,661
5908,2017-03-06,683
5909,2017-03-07,682
5910,2017-03-08,667
5911,2017-03-09,676
5912,2017-03-10,666
5913,2017-03-11,658
5914,2017-03-12,553
5915,2017-03-13,541
5916,2017-03-14,474
5917,2017-03-15,606
5918,2017-03-16,668
5919,2017-03-17,709
5920,2017-03-18,674
5921,2017-03-19,604
5922,2017-03-20,695
5923,2017-03-21,649
5924,2017-03-22,647
5925,2017-03-23,666
5926,2017-03-24,778
5927,2017-03-25,695
5928,2017-03-26,702
5929,2017-03-27,722
5930,2017-03-28,673
5931,2017-03-29,669
5932,2017-03-30,690
5933,2017-03-31,777
5934,2017-04-01,826
5935,2017-04-02,690
5936,2017-04-03,696
5937,2017-04-04,712
5938,2017-04-05,633
5939,2017-04-06,668
5940,2017-04-07,704
5941,2017-04-08,695
5942,2017-04-09,761
5943,2017-04-10,682
5944,2017-04-11,703
5945,2017-04-12,726
5946,2017-04-13,665
5947,2017-04-14,773
5948,2017-04-15,817
5949,2017-04-16,686
5950,2017-04-17,752
5951,2017-04-18,735
5952,2017-04-19,758
5953,2017-04-20,713
5954,2017-04-21,814
5955,2017-04-22,701
5956,2017-04-23,703
5957,2017-04-24,736
5958,2017-04-25,757
5959,2017-04-26,758
5960,2017-04-27,716
5961,2017-04-28,832
5962,2017-04-29,615
5963,2017-04-30,656
5964,2017-05-01,860
5965,2017-05-02,689
5966,2017-05-03,739
5967,2017-05-04,741
5968,2017-05-05,797
5969,2017-05-06,713
5970,2017-05-07,629
5971,2017-05-08,705
5972,2017-05-09,707
5973,2017-05-10,663
5974,2017-05-11,734
5975,2017-05-12,847
5976,2017-05-13,724
5977,2017-05-14,712
5978,2017-05-15,872
5979,2017-05-16,747
5980,2017-05-17,834
5981,2017-05-18,775
5982,2017-05-19,776
5983,2017-05-20,664
5984,2017-05-21,791
5985,2017-05-22,795
5986,2017-05-23,738
5987,2017-05-24,762
5988,2017-05-25,763
5989,2017-05-26,767
5990,2017-05-27,800
5991,2017-05-28,705
5992,2017-05-29,768
5993,2017-05-30,814
5994,2017-05-31,738
5995,2017-06-01,885
5996,2017-06-02,841
5997,2017-06-03,823
5998,2017-06-04,820
5999,2017-06-05,736
6000,2017-06-06,825
6001,2017-06-07,787
6002,2017-06-08,769
6003,2017-06-09,816
6004,2017-06-10,785
6005,2017-06-11,813
6006,2017-06-12,740
6007,2017-06-13,807
6008,2017-06-14,769
6009,2017-06-15,823
6010,2017-06-16,835
6011,2017-06-17,826
6012,2017-06-18,786
6013,2017-06-19,745
6014,2017-06-20,802
6015,2017-06-21,786
6016,2017-06-22,819
6017,2017-06-23,777
6018,2017-06-24,819
6019,2017-06-25,797
6020,2017-06-26,787
6021,2017-06-27,771
6022,2017-06-28,707
6023,2017-06-29,776
6024,2017-06-30,778
6025,2017-07-01,935
6026,2017-07-02,780
6027,2017-07-03,863
6028,2017-07-04,796
6029,2017-07-05,858
6030,2017-07-06,781
6031,2017-07-07,758
6032,2017-07-08,759
6033,2017-07-09,822
6034,2017-07-10,779
6035,2017-07-11,769
6036,2017-07-12,690
6037,2017-07-13,819
6038,2017-07-14,798
6039,2017-07-15,888
6040,2017-07-16,812
6041,2017-07-17,844
6042,2017-07-18,792
6043,2017-07-19,768
6044,2017-07-20,760
6045,2017-07-21,758
6046,2017-07-22,755
6047,2017-07-23,842
6048,2017-07-24,781
6049,2017-07-25,850
6050,2017-07-26,752
6051,2017-07-27,790
6052,2017-07-28,851
6053,2017-07-29,800
6054,2017-07-30,818
6055,2017-07-31,793
6056,2017-08-01,958
6057,2017-08-02,774
6058,2017-08-03,849
6059,2017-08-04,924
6060,2017-08-05,928
6061,2017-08-06,865
6062,2017-08-07,773
6063,2017-08-08,768
6064,2017-08-09,769
6065,2017-08-10,790
6066,2017-08-11,765
6067,2017-08-12,812
6068,2017-08-13,730
6069,2017-08-14,815
6070,2017-08-15,795
6071,2017-08-16,795
6072,2017-08-17,768
6073,2017-08-18,859
6074,2017-08-19,892
6075,2017-08-20,776
6076,2017-08-21,754
6077,2017-08-22,780
6078,2017-08-23,747
6079,2017-08-24,801
6080,2017-08-25,772
6081,2017-08-26,780
6082,2017-08-27,755
6083,2017-08-28,688
6084,2017-08-29,724
6085,2017-08-30,788
6086,2017-08-31,735
6087,2017-09-01,919
6088,2017-09-02,771
6089,2017-09-03,757
6090,2017-09-04,716
6091,2017-09-05,704
6092,2017-09-06,648
6093,2017-09-07,728
6094,2017-09-08,702
6095,2017-09-09,735
6096,2017-09-10,739
6097,2017-09-11,691
6098,2017-09-12,726
6099,2017-09-13,706
6100,2017-09-14,734
6101,2017-09-15,808
6102,2017-09-16,826
6103,2017-09-17,812
6104,2017-09-18,772
6105,2017-09-19,708
6106,2017-09-20,827
6107,2017-09-21,807
6108,2017-09-22,798
6109,2017-09-23,830
6110,2017-09-24,811
6111,2017-09-25,821
6112,2017-09-26,749
6113,2017-09-27,726
6114,2017-09-28,717
6115,2017-09-29,810
6116,2017-09-30,745
6117,2017-10-01,851
6118,2017-10-02,752
6119,2017-10-03,738
6120,2017-10-04,742
6121,2017-10-05,747
6122,2017-10-06,748
6123,2017-10-07,711
6124,2017-10-08,718
6125,2017-10-09,746
6126,2017-10-10,703
6127,2017-10-11,617
6128,2017-10-12,765
6129,2017-10-13,768
6130,2017-10-14,647
6131,2017-10-15,639
6132,2017-10-16,761
6133,2017-10-17,719
6134,2017-10-18,774
6135,2017-10-19,773
6136,2017-10-20,849
6137,2017-10-21,814
6138,2017-10-22,738
6139,2017-10-23,740
6140,2017-10-24,689
6141,2017-10-25,714
6142,2017-10-26,753
6143,2017-10-27,818
6144,2017-10-28,717
6145,2017-10-29,696
6146,2017-10-30,708
6147,2017-10-31,757
6148,2017-11-01,819
6149,2017-11-02,722
6150,2017-11-03,789
6151,2017-11-04,754
6152,2017-11-05,773
6153,2017-11-06,717
6154,2017-11-07,677
6155,2017-11-08,758
6156,2017-11-09,655
6157,2017-11-10,678
6158,2017-11-11,688
6159,2017-11-12,665
6160,2017-11-13,718
6161,2017-11-14,700
6162,2017-11-15,709
6163,2017-11-16,764
6164,2017-11-17,738
6165,2017-11-18,696
6166,2017-11-19,690
6167,2017-11-20,762
6168,2017-11-21,672
6169,2017-11-22,655
6170,2017-11-23,543
6171,2017-11-24,683
6172,2017-11-25,714
6173,2017-11-26,664
6174,2017-11-27,774
6175,2017-11-28,783
6176,2017-11-29,771
6177,2017-11-30,750
6178,2017-12-01,914
6179,2017-12-02,757
6180,2017-12-03,676
6181,2017-12-04,809
6182,2017-12-05,710
6183,2017-12-06,712
6184,2017-12-07,625
6185,2017-12-08,735
6186,2017-12-09,659
6187,2017-12-10,664
6188,2017-12-11,739
6189,2017-12-12,684
6190,2017-12-13,700
6191,2017-12-14,718
6192,2017-12-15,768
6193,2017-12-16,772
6194,2017-12-17,729
6195,2017-12-18,726
6196,2017-12-19,763
6197,2017-12-20,704
6198,2017-12-21,747
6199,2017-12-22,784
6200,2017-12-23,714
6201,2017-12-24,503
6202,2017-12-25,394
6203,2017-12-26,526
6204,2017-12-27,523
6205,2017-12-28,601
6206,2017-12-29,574
6207,2017-12-30,621
6208,2017-12-31,541
6209,2018-01-01,933
6210,2018-01-02,560
6211,2018-01-03,575
6212,2018-01-04,602
6213,2018-01-05,664
6214,2018-01-06,586
6215,2018-01-07,533
6216,2018-01-08,619
6217,2018-01-09,652
6218,2018-01-10,720
6219,2018-01-11,700
6220,2018-01-12,707
6221,2018-01-13,617
6222,2018-01-14,564
6223,2018-01-15,529
6224,2018-01-16,614
6225,2018-01-17,649
6226,2018-01-18,626
6227,2018-01-19,709
6228,2018-01-20,730
6229,2018-01-21,718
6230,2018-01-22,724
6231,2018-01-23,718
6232,2018-01-24,613
6233,2018-01-25,641
6234,2018-01-26,763
6235,2018-01-27,754
6236,2018-01-28,671
6237,2018-01-29,652
6238,2018-01-30,636
6239,2018-01-31,708
6240,2018-02-01,736
6241,2018-02-02,674
6242,2018-02-03,629
6243,2018-02-04,512
6244,2018-02-05,542
6245,2018-02-06,588
6246,2018-02-07,543
6247,2018-02-08,555
6248,2018-02-09,505
6249,2018-02-10,534
6250,2018-02-11,537
6251,2018-02-12,572
6252,2018-02-13,644
6253,2018-02-14,661
6254,2018-02-15,698
6255,2018-02-16,663
6256,2018-02-17,604
6257,2018-02-18,587
6258,2018-02-19,625
6259,2018-02-20,645
6260,2018-02-21,639
6261,2018-02-22,677
6262,2018-02-23,671
6263,2018-02-24,681
6264,2018-02-25,655
6265,2018-02-26,625
6266,2018-02-27,691
6267,2018-02-28,647
6268,2018-03-01,825
6269,2018-03-02,691
6270,2018-03-03,664
6271,2018-03-04,648
6272,2018-03-05,665
6273,2018-03-06,653
6274,2018-03-07,656
6275,2018-03-08,660
6276,2018-03-09,745
6277,2018-03-10,684
6278,2018-03-11,619
6279,2018-03-12,661
6280,2018-03-13,638
6281,2018-03-14,664
6282,2018-03-15,691
6283,2018-03-16,702
6284,2018-03-17,777
6285,2018-03-18,688
6286,2018-03-19,659
6287,2018-03-20,712
6288,2018-03-21,688
6289,2018-03-22,670
6290,2018-03-23,752
6291,2018-03-24,649
6292,2018-03-25,677
6293,2018-03-26,696
6294,2018-03-27,673
6295,2018-03-28,689
6296,2018-03-29,629
6297,2018-03-30,704
6298,2018-03-31,690
6299,2018-04-01,730
6300,2018-04-02,674
6301,2018-04-03,605
6302,2018-04-04,698
6303,2018-04-05,672
6304,2018-04-06,695
6305,2018-04-07,635
6306,2018-04-08,617
6307,2018-04-09,661
6308,2018-04-10,713
6309,2018-04-11,769
6310,2018-04-12,751
6311,2018-04-13,781
6312,2018-04-14,689
6313,2018-04-15,603
6314,2018-04-16,733
6315,2018-04-17,699
6316,2018-04-18,627
6317,2018-04-19,724
6318,2018-04-20,803
6319,2018-04-21,677
6320,2018-04-22,698
6321,2018-04-23,716
6322,2018-04-24,713
6323,2018-04-25,750
6324,2018-04-26,733
6325,2018-04-27,772
6326,2018-04-28,679
6327,2018-04-29,725
6328,2018-04-30,789
6329,2018-05-01,1008
6330,2018-05-02,789
6331,2018-05-03,742
6332,2018-05-04,814
6333,2018-05-05,854
6334,2018-05-06,715
6335,2018-05-07,804
6336,2018-05-08,803
6337,2018-05-09,792
6338,2018-05-10,779
6339,2018-05-11,729
6340,2018-05-12,699
6341,2018-05-13,689
6342,2018-05-14,788
6343,2018-05-15,743
6344,2018-05-16,759
6345,2018-05-17,794
6346,2018-05-18,800
6347,2018-05-19,759
6348,2018-05-20,763
6349,2018-05-21,714
6350,2018-05-22,797
6351,2018-05-23,781
6352,2018-05-24,819
6353,2018-05-25,804
6354,2018-05-26,853
6355,2018-05-27,883
6356,2018-05-28,888
6357,2018-05-29,874
6358,2018-05-30,847
6359,2018-05-31,841
6360,2018-06-01,1012
6361,2018-06-02,819
6362,2018-06-03,835
6363,2018-06-04,790
6364,2018-06-05,752
6365,2018-06-06,815
6366,2018-06-07,767
6367,2018-06-08,774
6368,2018-06-09,816
6369,2018-06-10,731
6370,2018-06-11,748
6371,2018-06-12,793
6372,2018-06-13,751
6373,2018-06-14,756
6374,2018-06-15,839
6375,2018-06-16,825
6376,2018-06-17,829
6377,2018-06-18,845
6378,2018-06-19,795
6379,2018-06-20,889
6380,2018-06-21,667
6381,2018-06-22,723
6382,2018-06-23,839
6383,2018-06-24,869
6384,2018-06-25,854
6385,2018-06-26,795
6386,2018-06-27,827
6387,2018-06-28,822
6388,2018-06-29,780
6389,2018-06-30,867
6390,2018-07-01,978
6391,2018-07-02,860
6392,2018-07-03,826
6393,2018-07-04,829
6394,2018-07-05,841
6395,2018-07-06,889
6396,2018-07-07,831
6397,2018-07-08,825
6398,2018-07-09,802
6399,2018-07-10,810
6400,2018-07-11,737
6401,2018-07-12,798
6402,2018-07-13,819
6403,2018-07-14,788
6404,2018-07-15,812
6405,2018-07-16,783
6406,2018-07-17,745
6407,2018-07-18,840
6408,2018-07-19,778
6409,2018-07-20,821
6410,2018-07-21,800
6411,2018-07-22,795
6412,2018-07-23,846
6413,2018-07-24,798
6414,2018-07-25,808
6415,2018-07-26,801
6416,2018-07-27,800
6417,2018-07-28,807
6418,2018-07-29,776
6419,2018-07-30,782
6420,2018-07-31,830
6421,2018-08-01,934
6422,2018-08-02,852
6423,2018-08-03,891
6424,2018-08-04,902
6425,2018-08-05,860
6426,2018-08-06,802
6427,2018-08-07,785
6428,2018-08-08,792
6429,2018-08-09,768
6430,2018-08-10,857
6431,2018-08-11,860
6432,2018-08-12,842
6433,2018-08-13,823
6434,2018-08-14,829
6435,2018-08-15,796
6436,2018-08-16,837
6437,2018-08-17,810
6438,2018-08-18,910
6439,2018-08-19,793
6440,2018-08-20,747
6441,2018-08-21,722
6442,2018-08-22,850
6443,2018-08-23,728
6444,2018-08-24,790
6445,2018-08-25,836
6446,2018-08-26,793
6447,2018-08-27,824
6448,2018-08-28,802
6449,2018-08-29,750
6450,2018-08-30,820
6451,2018-08-31,833
6452,2018-09-01,980
6453,2018-09-02,832
6454,2018-09-03,776
6455,2018-09-04,819
6456,2018-09-05,717
6457,2018-09-06,740
6458,2018-09-07,729
6459,2018-09-08,790
6460,2018-09-09,664
6461,2018-09-10,716
6462,2018-09-11,692
6463,2018-09-12,714
6464,2018-09-13,687
6465,2018-09-14,870
6466,2018-09-15,806
6467,2018-09-16,819
6468,2018-09-17,786
6469,2018-09-18,737
6470,2018-09-19,761
6471,2018-09-20,829
6472,2018-09-21,825
6473,2018-09-22,799
6474,2018-09-23,735
6475,2018-09-24,796
6476,2018-09-25,751
6477,2018-09-26,751
6478,2018-09-27,708
6479,2018-09-28,792
6480,2018-09-29,732
6481,2018-09-30,741
6482,2018-10-01,913
6483,2018-10-02,717
6484,2018-10-03,676
6485,2018-10-04,697
6486,2018-10-05,654
6487,2018-10-06,726
6488,2018-10-07,718
6489,2018-10-08,741
6490,2018-10-09,746
6491,2018-10-10,724
6492,2018-10-11,679
6493,2018-10-12,705
6494,2018-10-13,744
6495,2018-10-14,702
6496,2018-10-15,705
6497,2018-10-16,667
6498,2018-10-17,690
6499,2018-10-18,724
6500,2018-10-19,766
6501,2018-10-20,805
6502,2018-10-21,644
6503,2018-10-22,715
6504,2018-10-23,736
6505,2018-10-24,805
6506,2018-10-25,720
6507,2018-10-26,829
6508,2018-10-27,788
6509,2018-10-28,715
6510,2018-10-29,723
6511,2018-10-30,765
6512,2018-10-31,885
6513,2018-11-01,936
6514,2018-11-02,785
6515,2018-11-03,782
6516,2018-11-04,685
6517,2018-11-05,707
6518,2018-11-06,763
6519,2018-11-07,685
6520,2018-11-08,675
6521,2018-11-09,718
6522,2018-11-10,651
6523,2018-11-11,648
6524,2018-11-12,687
6525,2018-11-13,609
6526,2018-11-14,639
6527,2018-11-15,692
6528,2018-11-16,733
6529,2018-11-17,669
6530,2018-11-18,629
6531,2018-11-19,639
6532,2018-11-20,699
6533,2018-11-21,741
6534,2018-11-22,541
6535,2018-11-23,750
6536,2018-11-24,697
6537,2018-11-25,574
6538,2018-11-26,561
6539,2018-11-27,637
6540,2018-11-28,714
6541,2018-11-29,675
6542,2018-11-30,751
6543,2018-12-01,813
6544,2018-12-02,711
6545,2018-12-03,770
6546,2018-12-04,724
6547,2018-12-05,711
6548,2018-12-06,719
6549,2018-12-07,747
6550,2018-12-08,739
6551,2018-12-09,690
6552,2018-12-10,716
6553,2018-12-11,671
6554,2018-12-12,759
6555,2018-12-13,712
6556,2018-12-14,793
6557,2018-12-15,744
6558,2018-12-16,750
6559,2018-12-17,712
6560,2018-12-18,715
6561,2018-12-19,740
6562,2018-12-20,788
6563,2018-12-21,801
6564,2018-12-22,760
6565,2018-12-23,636
6566,2018-12-24,609
6567,2018-12-25,448
6568,2018-12-26,627
6569,2018-12-27,627
6570,2018-12-28,725
6571,2018-12-29,696
6572,2018-12-30,670
6573,2018-12-31,648
6574,2019-01-01,1043
6575,2019-01-02,654
6576,2019-01-03,752
6577,2019-01-04,767
6578,2019-01-05,792
6579,2019-01-06,664
6580,2019-01-07,676
6581,2019-01-08,700
6582,2019-01-09,631
6583,2019-01-10,686
6584,2019-01-11,784
6585,2019-01-12,672
6586,2019-01-13,573
6587,2019-01-14,635
6588,2019-01-15,696
6589,2019-01-16,699
6590,2019-01-17,653
6591,2019-01-18,667
6592,2019-01-19,520
6593,2019-01-20,493
6594,2019-01-21,555
6595,2019-01-22,624
6596,2019-01-23,661
6597,2019-01-24,607
6598,2019-01-25,586
6599,2019-01-26,531
6600,2019-01-27,522
6601,2019-01-28,521
6602,2019-01-29,494
6603,2019-01-30,341
6604,2019-01-31,458
6605,2019-02-01,773
6606,2019-02-02,722
6607,2019-02-03,594
6608,2019-02-04,735
6609,2019-02-05,652
6610,2019-02-06,636
6611,2019-02-07,670
6612,2019-02-08,642
6613,2019-02-09,756
6614,2019-02-10,638
6615,2019-02-11,624
6616,2019-02-12,665
6617,2019-02-13,643
6618,2019-02-14,742
6619,2019-02-15,739
6620,2019-02-16,676
6621,2019-02-17,617
6622,2019-02-18,590
6623,2019-02-19,611
6624,2019-02-20,632
6625,2019-02-21,696
6626,2019-02-22,713
6627,2019-02-23,647
6628,2019-02-24,547
6629,2019-02-25,595
6630,2019-02-26,608
6631,2019-02-27,649
6632,2019-02-28,594
6633,2019-03-01,749
6634,2019-03-02,663
6635,2019-03-03,551
6636,2019-03-04,544
6637,2019-03-05,541
6638,2019-03-06,628
6639,2019-03-07,609
6640,2019-03-08,717
6641,2019-03-09,617
6642,2019-03-10,612
6643,2019-03-11,700
6644,2019-03-12,627
6645,2019-03-13,688
6646,2019-03-14,674
6647,2019-03-15,734
6648,2019-03-16,766
6649,2019-03-17,611
6650,2019-03-18,651
6651,2019-03-19,643
6652,2019-03-20,691
6653,2019-03-21,689
6654,2019-03-22,709
6655,2019-03-23,690
6656,2019-03-24,648
6657,2019-03-25,639
6658,2019-03-26,671
6659,2019-03-27,698
6660,2019-03-28,683
6661,2019-03-29,674
6662,2019-03-30,663
6663,2019-03-31,637
6664,2019-04-01,790
6665,2019-04-02,658
6666,2019-04-03,680
6667,2019-04-04,662
6668,2019-04-05,703
6669,2019-04-06,742
6670,2019-04-07,703
6671,2019-04-08,744
6672,2019-04-09,693
6673,2019-04-10,659
6674,2019-04-11,748
6675,2019-04-12,778
6676,2019-04-13,754
6677,2019-04-14,536
6678,2019-04-15,722
6679,2019-04-16,707
6680,2019-04-17,691
6681,2019-04-18,627
6682,2019-04-19,650
6683,2019-04-20,730
6684,2019-04-21,645
6685,2019-04-22,735
6686,2019-04-23,742
6687,2019-04-24,702
6688,2019-04-25,766
6689,2019-04-26,760
6690,2019-04-27,629
6691,2019-04-28,605
6692,2019-04-29,716
6693,2019-04-30,729
6694,2019-05-01,809
6695,2019-05-02,698
6696,2019-05-03,791
6697,2019-05-04,699
6698,2019-05-05,779
6699,2019-05-06,790
6700,2019-05-07,700
6701,2019-05-08,759
6702,2019-05-09,737
6703,2019-05-10,797
6704,2019-05-11,696
6705,2019-05-12,631
6706,2019-05-13,790
6707,2019-05-14,719
6708,2019-05-15,763
6709,2019-05-16,740
6710,2019-05-17,775
6711,2019-05-18,758
6712,2019-05-19,774
6713,2019-05-20,808
6714,2019-05-21,728
6715,2019-05-22,772
6716,2019-05-23,773
6717,2019-05-24,848
6718,2019-05-25,875
6719,2019-05-26,826
6720,2019-05-27,747
6721,2019-05-28,747
6722,2019-05-29,737
6723,2019-05-30,745
6724,2019-05-31,831
6725,2019-06-01,917
6726,2019-06-02,734
6727,2019-06-03,707
6728,2019-06-04,771
6729,2019-06-05,789
6730,2019-06-06,741
6731,2019-06-07,823
6732,2019-06-08,888
6733,2019-06-09,805
6734,2019-06-10,798
6735,2019-06-11,775
6736,2019-06-12,715
6737,2019-06-13,701
6738,2019-06-14,806
6739,2019-06-15,831
6740,2019-06-16,721
6741,2019-06-17,751
6742,2019-06-18,716
6743,2019-06-19,803
6744,2019-06-20,732
6745,2019-06-21,780
6746,2019-06-22,825
6747,2019-06-23,808
6748,2019-06-24,810
6749,2019-06-25,784
6750,2019-06-26,798
6751,2019-06-27,750
6752,2019-06-28,846
6753,2019-06-29,863
6754,2019-06-30,804
6755,2019-07-01,904
6756,2019-07-02,769
6757,2019-07-03,805
6758,2019-07-04,800
6759,2019-07-05,890
6760,2019-07-06,815
6761,2019-07-07,774
6762,2019-07-08,830
6763,2019-07-09,743
6764,2019-07-10,837
6765,2019-07-11,764
6766,2019-07-12,787
6767,2019-07-13,893
6768,2019-07-14,789
6769,2019-07-15,821
6770,2019-07-16,754
6771,2019-07-17,803
6772,2019-07-18,760
6773,2019-07-19,801
6774,2019-07-20,826
6775,2019-07-21,774
6776,2019-07-22,790
6777,2019-07-23,787
6778,2019-07-24,745
6779,2019-07-25,799
6780,2019-07-26,816
6781,2019-07-27,825
6782,2019-07-28,831
6783,2019-07-29,815
6784,2019-07-30,776
6785,2019-07-31,713
6786,2019-08-01,905
6787,2019-08-02,881
6788,2019-08-03,869
6789,2019-08-04,842
6790,2019-08-05,808
6791,2019-08-06,783
6792,2019-08-07,778
6793,2019-08-08,818
6794,2019-08-09,795
6795,2019-08-10,798
6796,2019-08-11,802
6797,2019-08-12,709
6798,2019-08-13,762
6799,2019-08-14,792
6800,2019-08-15,812
6801,2019-08-16,774
6802,2019-08-17,811
6803,2019-08-18,759
6804,2019-08-19,787
6805,2019-08-20,731
6806,2019-08-21,721
6807,2019-08-22,754
6808,2019-08-23,780
6809,2019-08-24,818
6810,2019-08-25,766
6811,2019-08-26,729
6812,2019-08-27,731
6813,2019-08-28,752
6814,2019-08-29,772
6815,2019-08-30,765
6816,2019-08-31,775
6817,2019-09-01,884
6818,2019-09-02,777
6819,2019-09-03,675
6820,2019-09-04,683
6821,2019-09-05,647
6822,2019-09-06,771
6823,2019-09-07,735
6824,2019-09-08,720
6825,2019-09-09,778
6826,2019-09-10,721
6827,2019-09-11,749
6828,2019-09-12,784
6829,2019-09-13,817
6830,2019-09-14,763
6831,2019-09-15,783
6832,2019-09-16,806
6833,2019-09-17,777
6834,2019-09-18,755
6835,2019-09-19,788
6836,2019-09-20,814
6837,2019-09-21,757
6838,2019-09-22,657
6839,2019-09-23,766
6840,2019-09-24,755
6841,2019-09-25,712
6842,2019-09-26,710
6843,2019-09-27,667
6844,2019-09-28,699
6845,2019-09-29,712
6846,2019-09-30,752
6847,2019-10-01,875
6848,2019-10-02,729
6849,2019-10-03,727
6850,2019-10-04,715
6851,2019-10-05,722
6852,2019-10-06,670
6853,2019-10-07,745
6854,2019-10-08,711
6855,2019-10-09,732
6856,2019-10-10,645
6857,2019-10-11,728
6858,2019-10-12,730
6859,2019-10-13,697
6860,2019-10-14,684
6861,2019-10-15,739
6862,2019-10-16,740
6863,2019-10-17,676
6864,2019-10-18,704
6865,2019-10-19,716
6866,2019-10-20,720
6867,2019-10-21,711
6868,2019-10-22,660
6869,2019-10-23,699
6870,2019-10-24,716
6871,2019-10-25,750
6872,2019-10-26,558
6873,2019-10-27,701
6874,2019-10-28,658
6875,2019-10-29,635
6876,2019-10-30,577
6877,2019-10-31,588
6878,2019-11-01,843
6879,2019-11-02,664
6880,2019-11-03,718
6881,2019-11-04,671
6882,2019-11-05,634
6883,2019-11-06,661
6884,2019-11-07,661
6885,2019-11-08,680
6886,2019-11-09,710
6887,2019-11-10,650
6888,2019-11-11,494
6889,2019-11-12,545
6890,2019-11-13,578
6891,2019-11-14,578
6892,2019-11-15,756
6893,2019-11-16,663
6894,2019-11-17,701
6895,2019-11-18,683
6896,2019-11-19,682
6897,2019-11-20,729
6898,2019-11-21,662
6899,2019-11-22,727
6900,2019-11-23,702
6901,2019-11-24,697
6902,2019-11-25,691
6903,2019-11-26,678
6904,2019-11-27,637
6905,2019-11-28,505
6906,2019-11-29,648
6907,2019-11-30,663
6908,2019-12-01,718
6909,2019-12-02,709
6910,2019-12-03,689
6911,2019-12-04,746
6912,2019-12-05,700
6913,2019-12-06,736
6914,2019-12-07,700
6915,2019-12-08,669
6916,2019-12-09,705
6917,2019-12-10,675
6918,2019-12-11,604
6919,2019-12-12,656
6920,2019-12-13,731
6921,2019-12-14,682
6922,2019-12-15,655
6923,2019-12-16,624
6924,2019-12-17,669
6925,2019-12-18,652
6926,2019-12-19,683
6927,2019-12-20,722
6928,2019-12-21,745
6929,2019-12-22,680
6930,2019-12-23,687
6931,2019-12-24,623
6932,2019-12-25,512
6933,2019-12-26,608
6934,2019-12-27,691
6935,2019-12-28,638
6936,2019-12-29,689
6937,2019-12-30,615
6938,2019-12-31,547
6939,2020-01-01,909
6940,2020-01-02,635
6941,2020-01-03,696
6942,2020-01-04,637
6943,2020-01-05,621
6944,2020-01-06,691
6945,2020-01-07,625
6946,2020-01-08,646
6947,2020-01-09,630
6948,2020-01-10,623
6949,2020-01-11,560
6950,2020-01-12,574
6951,2020-01-13,648
6952,2020-01-14,662
6953,2020-01-15,652
6954,2020-01-16,674
6955,2020-01-17,581
6956,2020-01-18,561
6957,2020-01-19,503
6958,2020-01-20,617
6959,2020-01-21,585
6960,2020-01-22,633
6961,2020-01-23,592
6962,2020-01-24,657
6963,2020-01-25,663
6964,2020-01-26,605
6965,2020-01-27,698
6966,2020-01-28,680
6967,2020-01-29,618
6968,2020-01-30,620
6969,2020-01-31,708
6970,2020-02-01,801
6971,2020-02-02,663
6972,2020-02-03,743
6973,2020-02-04,648
6974,2020-02-05,632
6975,2020-02-06,554
6976,2020-02-07,693
6977,2020-02-08,625
6978,2020-02-09,563
6979,2020-02-10,628
6980,2020-02-11,640
6981,2020-02-12,627
6982,2020-02-13,547
6983,2020-02-14,586
6984,2020-02-15,593
6985,2020-02-16,618
6986,2020-02-17,600
6987,2020-02-18,666
6988,2020-02-19,581
6989,2020-02-20,600
6990,2020-02-21,657
6991,2020-02-22,685
6992,2020-02-23,660
6993,2020-02-24,599
6994,2020-02-25,516
6995,2020-02-26,601
6996,2020-02-27,565
6997,2020-02-28,656
6998,2020-02-29,587
6999,2020-03-01,725
7000,2020-03-02,599
7001,2020-03-03,634
7002,2020-03-04,623
7003,2020-03-05,587
7004,2020-03-06,706
7005,2020-03-07,588
7006,2020-03-08,639
7007,2020-03-09,572
7008,2020-03-10,564
7009,2020-03-11,589
7010,2020-03-12,633
7011,2020-03-13,675
7012,2020-03-14,617
7013,2020-03-15,590
7014,2020-03-16,531
7015,2020-03-17,575
7016,2020-03-18,527
7017,2020-03-19,471
7018,2020-03-20,496
7019,2020-03-21,439
7020,2020-03-22,377
7021,2020-03-23,393
7022,2020-03-24,423
7023,2020-03-25,438
7024,2020-03-26,425
7025,2020-03-27,425
7026,2020-03-28,468
7027,2020-03-29,500
7028,2020-03-30,448
7029,2020-03-31,389
7030,2020-04-01,519
7031,2020-04-02,377
7032,2020-04-03,508
7033,2020-04-04,447
7034,2020-04-05,405
7035,2020-04-06,451
7036,2020-04-07,455
7037,2020-04-08,443
7038,2020-04-09,426
7039,2020-04-10,426
7040,2020-04-11,448
7041,2020-04-12,383
7042,2020-04-13,396
7043,2020-04-14,364
7044,2020-04-15,411
7045,2020-04-16,405
7046,2020-04-17,425
7047,2020-04-18,462
7048,2020-04-19,340
7049,2020-04-20,501
7050,2020-04-21,418
7051,2020-04-22,432
7052,2020-04-23,441
7053,2020-04-24,440
7054,2020-04-25,398
7055,2020-04-26,422
7056,2020-04-27,398
7057,2020-04-28,465
7058,2020-04-29,423
7059,2020-04-30,425
7060,2020-05-01,564
7061,2020-05-02,492
7062,2020-05-03,490
7063,2020-05-04,438
7064,2020-05-05,437
7065,2020-05-06,463
7066,2020-05-07,420
7067,2020-05-08,443
7068,2020-05-09,463
7069,2020-05-10,473
7070,2020-05-11,452
7071,2020-05-12,454
7072,2020-05-13,518
7073,2020-05-14,467
7074,2020-05-15,548
7075,2020-05-16,577
7076,2020-05-17,440
7077,2020-05-18,500
7078,2020-05-19,471
7079,2020-05-20,536
7080,2020-05-21,495
7081,2020-05-22,535
7082,2020-05-23,553
7083,2020-05-24,567
7084,2020-05-25,643
7085,2020-05-26,579
7086,2020-05-27,569
7087,2020-05-28,551
7088,2020-05-29,581
7089,2020-05-30,923
7090,2020-05-31,1898
7091,2020-06-01,890
7092,2020-06-02,677
7093,2020-06-03,622
7094,2020-06-04,528
7095,2020-06-05,542
7096,2020-06-06,528
7097,2020-06-07,553
7098,2020-06-08,524
7099,2020-06-09,494
7100,2020-06-10,499
7101,2020-06-11,550
7102,2020-06-12,603
7103,2020-06-13,504
7104,2020-06-14,538
7105,2020-06-15,575
7106,2020-06-16,551
7107,2020-06-17,602
7108,2020-06-18,600
7109,2020-06-19,596
7110,2020-06-20,654
7111,2020-06-21,593
7112,2020-06-22,668
7113,2020-06-23,574
7114,2020-06-24,580
7115,2020-06-25,613
7116,2020-06-26,556
7117,2020-06-27,580
7118,2020-06-28,625
7119,2020-06-29,554
7120,2020-06-30,569
7121,2020-07-01,683
7122,2020-07-02,637
7123,2020-07-03,684
7124,2020-07-04,744
7125,2020-07-05,721
7126,2020-07-06,633
7127,2020-07-07,551
7128,2020-07-08,553
7129,2020-07-09,556
7130,2020-07-10,670
7131,2020-07-11,627
7132,2020-07-12,597
7133,2020-07-13,665
7134,2020-07-14,601
7135,2020-07-15,602
7136,2020-07-16,594
7137,2020-07-17,657
7138,2020-07-18,649
7139,2020-07-19,627
7140,2020-07-20,647
7141,2020-07-21,632
7142,2020-07-22,611
7143,2020-07-23,565
7144,2020-07-24,627
7145,2020-07-25,649
7146,2020-07-26,657
7147,2020-07-27,616
7148,2020-07-28,621
7149,2020-07-29,619
7150,2020-07-30,603
7151,2020-07-31,627
7152,2020-08-01,676
7153,2020-08-02,566
7154,2020-08-03,603
7155,2020-08-04,541
7156,2020-08-05,572
7157,2020-08-06,604
7158,2020-08-07,594
7159,2020-08-08,663
7160,2020-08-09,652
7161,2020-08-10,947
7162,2020-08-11,594
7163,2020-08-12,601
7164,2020-08-13,647
7165,2020-08-14,641
7166,2020-08-15,624
7167,2020-08-16,670
7168,2020-08-17,640
7169,2020-08-18,614
7170,2020-08-19,627
7171,2020-08-20,640
7172,2020-08-21,652
7173,2020-08-22,643
7174,2020-08-23,624
7175,2020-08-24,634
7176,2020-08-25,638
7177,2020-08-26,645
7178,2020-08-27,589
7179,2020-08-28,666
7180,2020-08-29,646
7181,2020-08-30,659
7182,2020-08-31,693
7183,2020-09-01,661
7184,2020-09-02,576
7185,2020-09-03,573
7186,2020-09-04,648
7187,2020-09-05,671
7188,2020-09-06,645
7189,2020-09-07,601
7190,2020-09-08,543
7191,2020-09-09,542
7192,2020-09-10,565
7193,2020-09-11,659
7194,2020-09-12,563
7195,2020-09-13,583
7196,2020-09-14,589
7197,2020-09-15,604
7198,2020-09-16,617
7199,2020-09-17,533
7200,2020-09-18,577
7201,2020-09-19,587
7202,2020-09-20,596
7203,2020-09-21,564
7204,2020-09-22,542
7205,2020-09-23,630
7206,2020-09-24,568
7207,2020-09-25,677
7208,2020-09-26,628
7209,2020-09-27,655
7210,2020-09-28,547
7211,2020-09-29,515
7212,2020-09-30,579
7213,2020-10-01,612
7214,2020-10-02,550
7215,2020-10-03,603
7216,2020-10-04,581
7217,2020-10-05,566
7218,2020-10-06,595
7219,2020-10-07,610
7220,2020-10-08,560
7221,2020-10-09,655
7222,2020-10-10,675
7223,2020-10-11,649
7224,2020-10-12,569
7225,2020-10-13,590
7226,2020-10-14,646
7227,2020-10-15,643
7228,2020-10-16,572
7229,2020-10-17,615
7230,2020-10-18,558
7231,2020-10-19,526
7232,2020-10-20,551
7233,2020-10-21,580
7234,2020-10-22,605
7235,2020-10-23,580
7236,2020-10-24,553
7237,2020-10-25,646
7238,2020-10-26,545
7239,2020-10-27,518
7240,2020-10-28,548
7241,2020-10-29,582
7242,2020-10-30,618
7243,2020-10-31,622
7244,2020-11-01,666
7245,2020-11-02,594
7246,2020-11-03,617
7247,2020-11-04,658
7248,2020-11-05,647
7249,2020-11-06,665
7250,2020-11-07,621
7251,2020-11-08,597
7252,2020-11-09,620
7253,2020-11-10,595
7254,2020-11-11,486
7255,2020-11-12,519
7256,2020-11-13,532
7257,2020-11-14,469
7258,2020-11-15,515
7259,2020-11-16,512
7260,2020-11-17,498
7261,2020-11-18,501
7262,2020-11-19,517
7263,2020-11-20,640
7264,2020-11-21,535
7265,2020-11-22,510
7266,2020-11-23,533
7267,2020-11-24,501
7268,2020-11-25,482
7269,2020-11-26,391
7270,2020-11-27,578
7271,2020-11-28,491
7272,2020-11-29,529
7273,2020-11-30,485
7274,2020-12-01,567
7275,2020-12-02,508
7276,2020-12-03,472
7277,2020-12-04,579
7278,2020-12-05,559
7279,2020-12-06,564
7280,2020-12-07,549
7281,2020-12-08,544
7282,2020-12-09,519
7283,2020-12-10,568
7284,2020-12-11,496
7285,2020-12-12,497
7286,2020-12-13,550
7287,2020-12-14,549
7288,2020-12-15,566
7289,2020-12-16,524
7290,2020-12-17,516
7291,2020-12-18,560
7292,2020-12-19,528
7293,2020-12-20,541
7294,2020-12-21,609
7295,2020-12-22,577
7296,2020-12-23,583
7297,2020-12-24,494
7298,2020-12-25,400
7299,2020-12-26,437
7300,2020-12-27,493
7301,2020-12-28,527
7302,2020-12-29,428
7303,2020-12-30,469
7304,2020-12-31,548
7305,2021-01-01,656
7306,2021-01-02,446
7307,2021-01-03,505
7308,2021-01-04,524
7309,2021-01-05,532
7310,2021-01-06,480
7311,2021-01-07,571
7312,2021-01-08,583
7313,2021-01-09,494
7314,2021-01-10,557
7315,2021-01-11,487
7316,2021-01-12,563
7317,2021-01-13,513
7318,2021-01-14,533
7319,2021-01-15,573
7320,2021-01-16,485
7321,2021-01-17,532
7322,2021-01-18,472
7323,2021-01-19,518
7324,2021-01-20,529
7325,2021-01-21,585
7326,2021-01-22,513
7327,2021-01-23,521
7328,2021-01-24,503
7329,2021-01-25,538
7330,2021-01-26,430
7331,2021-01-27,509
7332,2021-01-28,469
7333,2021-01-29,483
7334,2021-01-30,460
7335,2021-01-31,333
7336,2021-02-01,500
7337,2021-02-02,487
7338,2021-02-03,484
7339,2021-02-04,426
7340,2021-02-05,462
7341,2021-02-06,400
7342,2021-02-07,379
7343,2021-02-08,406
7344,2021-02-09,423
7345,2021-02-10,412
7346,2021-02-11,427
7347,2021-02-12,469
7348,2021-02-13,409
7349,2021-02-14,399
7350,2021-02-15,326
7351,2021-02-16,351
7352,2021-02-17,418
7353,2021-02-18,421
7354,2021-02-19,461
7355,2021-02-20,456
7356,2021-02-21,453
7357,2021-02-22,487
7358,2021-02-23,537
7359,2021-02-24,513
7360,2021-02-25,508
7361,2021-02-26,553
7362,2021-02-27,558
7363,2021-02-28,556
7364,2021-03-01,555
7365,2021-03-02,495
7366,2021-03-03,539
7367,2021-03-04,515
7368,2021-03-05,513
7369,2021-03-06,518
7370,2021-03-07,485
7371,2021-03-08,532
7372,2021-03-09,575
7373,2021-03-10,534
7374,2021-03-11,461
7375,2021-03-12,514
7376,2021-03-13,489
7377,2021-03-14,449
7378,2021-03-15,469
7379,2021-03-16,466
7380,2021-03-17,493
7381,2021-03-18,435
7382,2021-03-19,492
7383,2021-03-20,476
7384,2021-03-21,536
7385,2021-03-22,581
7386,2021-03-23,468
7387,2021-03-24,480
7388,2021-03-25,445
7389,2021-03-26,500
7390,2021-03-27,472
7391,2021-03-28,531
7392,2021-03-29,480
7393,2021-03-30,503
7394,2021-03-31,457
7395,2021-04-01,511
7396,2021-04-02,495
7397,2021-04-03,528
7398,2021-04-04,524
7399,2021-04-05,508
7400,2021-04-06,517
7401,2021-04-07,548
7402,2021-04-08,461
7403,2021-04-09,510
7404,2021-04-10,500
7405,2021-04-11,464
7406,2021-04-12,516
7407,2021-04-13,512
7408,2021-04-14,467
7409,2021-04-15,503
7410,2021-04-16,510
7411,2021-04-17,508
7412,2021-04-18,450
7413,2021-04-19,432
7414,2021-04-20,420
7415,2021-04-21,444
7416,2021-04-22,490
7417,2021-04-23,502
7418,2021-04-24,524
7419,2021-04-25,492
7420,2021-04-26,513
7421,2021-04-27,593
7422,2021-04-28,507
7423,2021-04-29,430
7424,2021-04-30,577
7425,2021-05-01,601
7426,2021-05-02,605
7427,2021-05-03,534
7428,2021-05-04,451
7429,2021-05-05,543
7430,2021-05-06,480
7431,2021-05-07,495
7432,2021-05-08,526
7433,2021-05-09,499
7434,2021-05-10,506
7435,2021-05-11,503
7436,2021-05-12,463
7437,2021-05-13,527
7438,2021-05-14,579
7439,2021-05-15,566
7440,2021-05-16,533
7441,2021-05-17,560
7442,2021-05-18,507
7443,2021-05-19,536
7444,2021-05-20,517
7445,2021-05-21,574
